0,1,filename,width,height
0,1,f188.jpg,300.0,168.0
1,0,e442.jpg,275.0,183.0
1,1,f1532.jpg,275.0,183.0
1,0,c8.png,2400.0,1600.0
1,1,f43.jpg,265.0,190.0
0,1,e318.jpg,261.0,193.0
1,1,f1917.jpg,275.0,183.0
0,1,d96.jpg,280.0,180.0
1,0,f349.jpg,300.0,168.0
1,1,e640.jpg,259.0,194.0
1,0,d204.jpg,284.0,177.0
1,1,f361.jpg,318.0,159.0
0,1,d210.jpg,274.0,184.0
1,1,f1693.jpg,183.0,275.0
1,0,f1863.jpg,275.0,183.0
1,1,e35.jpg,292.0,173.0
1,1,d402.jpg,284.0,177.0
1,1,f1485.jpg,275.0,183.0
1,0,c184.png,500.0,500.0
0,1,f956.jpg,300.0,168.0
1,1,f1320.jpg,298.0,169.0
0,1,d614.jpg,287.0,175.0
1,0,f765.jpg,1205.0,824.0
1,1,d166.jpg,249.0,203.0
1,1,d167.jpg,306.0,165.0
0,1,f764.jpg,194.0,259.0
1,1,d173.jpg,297.0,170.0
1,1,f1447.jpg,246.0,205.0
0,1,f1321.jpg,275.0,183.0
1,1,e286.jpg,259.0,194.0
1,0,f1490.jpg,274.0,184.0
0,1,d365.jpg,221.0,229.0
1,1,f566.jpg,282.0,179.0
1,0,d359.jpg,275.0,183.0
1,1,f1645.jpg,259.0,194.0
0,1,f1862.jpg,278.0,181.0
1,1,e669.jpg,275.0,183.0
1,1,d205.jpg,313.0,161.0
1,0,d563.jpg,284.0,177.0
1,1,f1725.jpg,275.0,183.0
0,1,f1057.jpg,284.0,177.0
1,1,e127.jpg,640.0,480.0
1,0,f1902.jpg,268.0,188.0
1,1,f1080.jpg,300.0,168.0
0,1,f42.jpg,300.0,168.0
1,0,f176.jpg,800.0,600.0
1,1,f638.jpg,600.0,401.0
1,1,f1527.jpg,274.0,184.0
1,0,f823.jpg,310.0,163.0
1,1,e494.jpg,275.0,183.0
0,1,f1296.jpg,299.0,169.0
1,0,f1294.jpg,266.0,189.0
1,1,e482.jpg,275.0,183.0
1,1,e333.jpg,275.0,183.0
1,0,f1257.jpg,168.0,300.0
1,1,e469.jpg,275.0,183.0
0,1,f174.jpg,300.0,168.0
1,1,f389.jpg,299.0,169.0
1,1,f438.jpg,275.0,183.0
0,1,f1733.jpg,194.0,259.0
1,1,e643.jpg,275.0,183.0
1,0,d56.jpg,250.0,201.0
1,1,d42.jpg,260.0,194.0
0,1,f1069.jpg,275.0,183.0
1,1,d398.jpg,225.0,225.0
1,1,f1135.jpg,2000.0,1333.0
1,1,d367.jpg,268.0,188.0
1,1,f216.jpg,260.0,194.0
0,1,e22.jpg,275.0,183.0
1,1,f955.jpg,265.0,190.0
1,1,f799.jpg,184.0,274.0
1,0,e521.jpg,300.0,168.0
1,1,e247.jpg,259.0,194.0
0,1,e535.jpg,299.0,168.0
1,1,f1445.jpg,300.0,168.0
1,1,f1479.jpg,275.0,183.0
0,1,d617.jpg,279.0,181.0
1,1,d602.jpg,246.0,205.0
1,1,e252.jpg,275.0,183.0
1,0,e534.jpg,275.0,183.0
0,1,d158.jpg,275.0,183.0
1,1,f798.jpg,259.0,194.0
1,0,f954.jpg,495.0,365.0
1,1,f1108.jpg,281.0,179.0
1,0,d366.jpg,288.0,175.0
1,1,d428.jpg,300.0,168.0
0,1,f1652.jpg,283.0,178.0
1,1,b92.png,1580.0,948.0
1,1,d560.jpg,298.0,169.0
1,0,d43.jpg,277.0,182.0
1,1,e642.jpg,299.0,168.0
0,1,f1732.jpg,272.0,185.0
1,0,e130.jpg,284.0,177.0
1,1,c227.png,323.0,242.0
0,1,f388.jpg,303.0,166.0
1,1,f1097.jpg,300.0,168.0
0,1,f55.jpg,274.0,184.0
1,0,e468.jpg,275.0,183.0
1,1,f1256.jpg,275.0,183.0
1,1,f82.jpg,294.0,171.0
1,0,f834.jpg,259.0,194.0
1,1,f1281.jpg,282.0,179.0
0,1,f818.jpg,285.0,177.0
1,1,e487.jpg,300.0,168.0
1,0,f830.jpg,309.0,163.0
1,1,e336.jpg,314.0,160.0
0,1,f1246.jpg,275.0,183.0
1,1,f1252.jpg,300.0,168.0
1,1,f1093.jpg,259.0,194.0
1,0,d53.jpg,276.0,182.0
0,1,d216.jpg,275.0,183.0
1,1,e108.jpg,283.0,178.0
1,1,d564.jpg,259.0,194.0
1,1,e120.jpg,300.0,168.0
1,0,f1695.jpg,298.0,169.0
1,1,c394.png,646.0,547.0
0,1,f575.jpg,275.0,183.0
1,1,f561.jpg,562.0,331.0
1,0,d410.jpg,275.0,183.0
1,1,f1656.jpg,275.0,183.0
1,1,f788.jpg,300.0,168.0
0,1,f1483.jpg,300.0,168.0
1,1,e518.jpg,275.0,183.0
1,0,f1468.jpg,284.0,177.0
1,1,f993.jpg,292.0,172.0
1,1,e530.jpg,280.0,180.0
1,0,e256.jpg,490.0,327.0
1,1,e257.jpg,290.0,174.0
1,1,f1333.jpg,275.0,183.0
1,1,f762.jpg,273.0,184.0
1,0,f776.jpg,273.0,184.0
1,1,e519.jpg,300.0,168.0
1,1,e294.jpg,259.0,194.0
1,1,f1125.jpg,259.0,194.0
0,1,d439.jpg,275.0,183.0
1,1,f560.jpg,284.0,177.0
0,1,e26.jpg,300.0,168.0
1,0,f212.jpg,271.0,186.0
1,1,f1858.jpg,294.0,172.0
1,1,f1051.jpg,275.0,183.0
1,1,f1045.jpg,212.0,238.0
0,1,d52.jpg,300.0,168.0
1,0,f366.jpg,275.0,183.0
1,1,f1079.jpg,221.0,229.0
1,1,d217.jpg,275.0,183.0
0,1,f78.jpg,260.0,194.0
1,1,e323.jpg,290.0,174.0
1,1,f1247.jpg,275.0,183.0
1,0,e451.jpg,1280.0,720.0
1,1,f158.jpg,300.0,168.0
1,1,e479.jpg,299.0,169.0
1,1,a22.png,736.0,526.0
1,1,f50.jpg,300.0,168.0
1,0,a192.png,1100.0,619.0
1,1,f1284.jpg,275.0,183.0
1,1,f91.jpg,299.0,168.0
0,1,e484.jpg,229.0,220.0
1,1,e490.jpg,660.0,371.0
1,0,f614.jpg,260.0,194.0
1,1,f52.jpg,300.0,168.0
1,1,f1279.jpg,279.0,181.0
0,1,f600.jpg,276.0,182.0
1,1,e309.jpg,299.0,168.0
1,1,e335.jpg,274.0,184.0
0,1,f1912.jpg,275.0,184.0
1,0,d87.jpg,259.0,194.0
1,1,d93.jpg,252.0,200.0
1,1,e679.jpg,259.0,194.0
1,1,d567.jpg,259.0,194.0
1,1,d201.jpg,296.0,170.0
1,1,f402.jpg,286.0,176.0
1,1,d50.jpg,275.0,183.0
0,1,d573.jpg,300.0,168.0
1,0,f1735.jpg,275.0,183.0
1,1,e123.jpg,299.0,168.0
1,1,f1047.jpg,275.0,183.0
1,0,d229.jpg,194.0,259.0
1,1,f1721.jpg,288.0,175.0
1,1,f1872.jpg,275.0,183.0
1,1,d413.jpg,300.0,168.0
0,1,e30.jpg,211.0,239.0
1,1,d375.jpg,275.0,183.0
1,0,f576.jpg,313.0,161.0
1,1,f1669.jpg,275.0,183.0
1,1,d407.jpg,275.0,183.0
1,1,f1641.jpg,259.0,194.0
0,1,e18.jpg,274.0,184.0
1,1,f1655.jpg,252.0,200.0
0,1,f1480.jpg,251.0,201.0
1,1,f1494.jpg,259.0,194.0
1,0,e282.jpg,259.0,194.0
1,1,d177.jpg,214.0,236.0
1,0,f760.jpg,259.0,194.0
1,0,d605.jpg,183.0,275.0
1,1,d163.jpg,284.0,177.0
1,1,e255.jpg,275.0,183.0
0,1,e527.jpg,280.0,180.0
1,0,d639.jpg,300.0,168.0
1,1,c156.png,1180.0,842.0
1,1,f1331.jpg,284.0,177.0
0,1,d638.jpg,275.0,183.0
1,1,e526.jpg,195.0,259.0
1,0,f1330.jpg,287.0,176.0
1,1,e254.jpg,300.0,168.0
1,0,f1324.jpg,284.0,177.0
1,1,e532.jpg,300.0,168.0
1,0,d604.jpg,300.0,168.0
0,1,d162.jpg,274.0,184.0
1,1,e268.jpg,281.0,179.0
1,0,d176.jpg,225.0,225.0
0,1,d610.jpg,194.0,259.0
1,1,e283.jpg,259.0,194.0
1,1,d189.jpg,259.0,194.0
1,1,f1481.jpg,275.0,183.0
0,1,f1654.jpg,271.0,186.0
1,0,e19.jpg,275.0,183.0
1,0,f1640.jpg,183.0,275.0
1,1,f1126.jpg,194.0,259.0
1,0,d360.jpg,271.0,186.0
1,1,f211.jpg,274.0,184.0
0,1,f205.jpg,294.0,172.0
1,0,d374.jpg,297.0,170.0
0,1,f588.jpg,300.0,168.0
1,1,f1683.jpg,282.0,179.0
0,1,d228.jpg,194.0,259.0
1,0,f1720.jpg,259.0,194.0
1,1,e650.jpg,275.0,183.0
0,1,e644.jpg,274.0,184.0
1,1,f1052.jpg,275.0,183.0
1,1,d572.jpg,299.0,168.0
0,1,d51.jpg,230.0,219.0
1,1,f1708.jpg,259.0,194.0
1,1,d45.jpg,300.0,168.0
0,1,d200.jpg,275.0,183.0
1,1,f417.jpg,278.0,181.0
1,1,f1091.jpg,286.0,176.0
1,1,d92.jpg,282.0,179.0
1,0,f1913.jpg,276.0,183.0
1,1,e452.jpg,264.0,191.0
1,1,f1244.jpg,299.0,168.0
0,1,e334.jpg,168.0,300.0
1,0,f629.jpg,275.0,183.0
1,1,f1536.jpg,275.0,183.0
1,0,f167.jpg,275.0,183.0
1,0,f615.jpg,300.0,168.0
1,1,f47.jpg,225.0,225.0
1,0,f198.jpg,278.0,181.0
1,1,f826.jpg,300.0,168.0
1,1,f1287.jpg,300.0,168.0
1,1,e485.jpg,300.0,168.0
1,1,f84.jpg,275.0,183.0
0,1,e384.png,550.0,339.0
1,1,f1592.jpg,297.0,170.0
0,1,f699.jpg,300.0,168.0
1,1,e347.jpg,275.0,183.0
1,1,f128.jpg,259.0,194.0
1,0,f1551.jpg,290.0,174.0
0,1,e421.jpg,299.0,168.0
1,1,f882.jpg,194.0,259.0
1,0,f114.jpg,275.0,183.0
0,1,f1579.jpg,259.0,194.0
1,1,f100.jpg,300.0,168.0
1,1,e409.jpg,300.0,168.0
1,1,a52.png,648.0,365.0
1,1,f1790.jpg,264.0,191.0
1,1,e186.jpg,275.0,183.0
1,1,d298.jpg,259.0,194.0
0,1,e192.jpg,286.0,176.0
1,0,f1784.jpg,259.0,194.0
1,0,c87.png,950.0,534.0
1,1,f1753.jpg,275.0,183.0
1,1,f1035.jpg,259.0,194.0
1,1,e145.jpg,840.0,560.0
1,1,e151.jpg,224.0,225.0
1,1,f458.jpg,275.0,183.0
1,0,f1021.jpg,272.0,186.0
1,1,e637.jpg,600.0,338.0
1,1,d529.jpg,275.0,183.0
1,1,f316.jpg,284.0,177.0
1,1,d22.jpg,300.0,168.0
1,1,d267.jpg,960.0,720.0
1,1,e179.jpg,275.0,183.0
0,1,f1009.jpg,259.0,194.0
1,1,c50.png,760.0,428.0
0,1,d36.jpg,259.0,194.0
1,0,d515.jpg,290.0,174.0
1,1,f302.jpg,275.0,183.0
1,1,f1182.jpg,284.0,177.0
1,1,f1196.jpg,960.0,540.0
1,1,f289.jpg,271.0,186.0
1,1,e95.jpg,311.0,162.0
1,1,f1800.jpg,275.0,183.0
1,0,e81.jpg,259.0,194.0
0,1,d449.jpg,283.0,178.0
0,1,f538.jpg,275.0,183.0
1,1,f1141.jpg,300.0,168.0
1,1,f1155.jpg,275.0,183.0
1,1,f1633.jpg,276.0,183.0
1,1,f262.jpg,279.0,181.0
1,0,e56.jpg,257.0,196.0
1,1,d313.jpg,250.0,141.0
1,1,f1169.jpg,267.0,189.0
1,1,f510.jpg,188.0,268.0
1,1,d461.jpg,259.0,194.0
1,0,f276.jpg,299.0,169.0
1,1,f1380.jpg,259.0,194.0
0,1,e596.jpg,194.0,259.0
1,1,e582.jpg,259.0,194.0
1,1,f1394.jpg,184.0,274.0
1,0,f909.jpg,289.0,174.0
1,1,e233.jpg,278.0,181.0
1,1,f1343.jpg,275.0,183.0
1,1,f1425.jpg,275.0,183.0
1,1,e555.jpg,290.0,174.0
1,1,e541.jpg,650.0,867.0
1,1,f1431.jpg,290.0,174.0
0,1,d139.jpg,291.0,173.0
1,1,e227.jpg,283.0,178.0
1,1,d111.jpg,275.0,183.0
1,0,e569.jpg,300.0,168.0
1,1,d677.jpg,275.0,183.0
1,1,f1419.jpg,300.0,168.0
1,1,d663.jpg,283.0,178.0
1,1,d105.jpg,271.0,186.0
1,0,f712.jpg,259.0,194.0
1,1,d662.jpg,203.0,249.0
1,0,d104.jpg,300.0,168.0
1,1,d110.jpg,275.0,183.0
1,0,f1418.jpg,275.0,183.0
1,0,d676.jpg,275.0,183.0
0,1,e568.jpg,283.0,178.0
1,1,f1430.jpg,277.0,182.0
1,1,e226.jpg,294.0,172.0
1,1,d138.jpg,193.0,262.0
1,1,e232.jpg,300.0,168.0
1,1,c125.png,1200.0,800.0
1,1,e554.jpg,299.0,168.0
1,1,f1424.jpg,275.0,183.0
1,1,f908.jpg,300.0,168.0
0,1,e583.jpg,275.0,183.0
1,1,f1395.jpg,259.0,194.0
1,1,f934.jpg,273.0,184.0
1,1,f1381.jpg,229.0,220.0
1,0,e597.jpg,275.0,183.0
1,1,d306.jpg,224.0,225.0
1,1,f1168.jpg,275.0,183.0
1,0,f511.jpg,290.0,174.0
1,0,d460.jpg,274.0,184.0
1,0,e57.jpg,258.0,196.0
1,1,d474.jpg,274.0,184.0
1,1,f505.jpg,284.0,177.0
1,1,d312.jpg,284.0,177.0
1,1,f1154.jpg,275.0,183.0
1,0,f1632.jpg,290.0,174.0
1,1,f1626.jpg,275.0,183.0
1,1,c327.png,2000.0,1335.0
1,0,d448.jpg,275.0,183.0
1,1,f1140.jpg,290.0,174.0
1,1,e80.jpg,300.0,168.0
1,1,f1815.jpg,294.0,172.0
1,0,f1801.jpg,289.0,174.0
1,0,e94.jpg,201.0,251.0
1,1,f1197.jpg,302.0,167.0
1,0,f288.jpg,300.0,168.0
0,1,f1829.jpg,338.0,149.0
1,0,f1183.jpg,280.0,180.0
1,1,f303.jpg,275.0,183.0
0,1,d514.jpg,259.0,194.0
1,0,d500.jpg,275.0,183.0
1,1,d23.jpg,310.0,163.0
0,1,f317.jpg,278.0,181.0
1,0,e178.jpg,275.0,183.0
0,1,d266.jpg,266.0,189.0
1,1,f459.jpg,275.0,183.0
1,1,f1020.jpg,300.0,168.0
0,1,d528.jpg,318.0,159.0
1,1,e636.jpg,270.0,187.0
1,1,f1746.jpg,275.0,183.0
1,1,f1752.jpg,259.0,194.0
1,1,e622.jpg,294.0,172.0
1,0,e144.jpg,300.0,168.0
1,1,f1034.jpg,277.0,182.0
1,0,f1961.jpg,300.0,168.0
0,1,f1975.jpg,275.0,183.0
1,0,e193.jpg,560.0,315.0
1,1,f1785.jpg,246.0,205.0
1,0,f1791.jpg,297.0,170.0
1,0,d299.jpg,318.0,159.0
0,1,e187.jpg,275.0,183.0
0,1,e408.jpg,299.0,169.0
1,1,f35.jpg,294.0,171.0
0,1,f1578.jpg,318.0,159.0
1,0,f101.jpg,273.0,185.0
1,1,f667.jpg,275.0,183.0
1,1,a47.png,305.0,460.0
0,1,f673.jpg,275.0,183.0
1,0,f115.jpg,259.0,194.0
1,1,f21.jpg,275.0,183.0
1,1,e434.jpg,265.0,190.0
0,1,e352.jpg,275.0,183.0
1,1,f1222.jpg,275.0,183.0
1,1,f1236.jpg,275.0,183.0
1,1,a120.png,458.0,305.0
1,1,f897.jpg,263.0,192.0
1,0,e346.jpg,300.0,168.0
1,1,e420.jpg,275.0,183.0
1,1,f129.jpg,283.0,178.0
1,1,f1550.jpg,276.0,183.0
0,1,f868.jpg,344.0,146.0
1,1,f1587.jpg,294.0,171.0
1,1,f840.jpg,276.0,183.0
1,0,f698.jpg,275.0,183.0
1,0,e391.jpg,300.0,168.0
1,1,e385.jpg,283.0,178.0
1,1,f854.jpg,306.0,165.0
0,1,f1593.jpg,300.0,168.0
1,1,e393.jpg,299.0,168.0
0,1,f1585.jpg,300.0,168.0
1,0,f1591.jpg,183.0,275.0
1,1,f856.jpg,283.0,178.0
0,1,e387.jpg,282.0,179.0
1,1,f881.jpg,275.0,183.0
1,0,f659.jpg,275.0,183.0
1,1,f1220.jpg,300.0,168.0
1,1,e350.jpg,275.0,183.0
0,1,e436.jpg,275.0,183.0
0,1,f1546.jpg,259.0,194.0
1,1,f1552.jpg,275.0,183.0
1,1,f4.jpg,275.0,183.0
1,1,e422.jpg,275.0,183.0
1,0,e344.jpg,2560.0,1440.0
1,1,f895.jpg,275.0,183.0
1,1,f1234.jpg,300.0,168.0
1,1,f665.jpg,278.0,181.0
1,0,f103.jpg,287.0,176.0
0,1,f37.jpg,274.0,184.0
1,1,e8.jpg,500.0,309.0
1,1,f23.jpg,266.0,189.0
1,1,f117.jpg,277.0,182.0
0,1,f1208.jpg,421.0,120.0
0,1,e378.jpg,275.0,183.0
1,0,c286.png,768.0,1024.0
1,1,f1787.jpg,300.0,168.0
1,0,f498.jpg,275.0,183.0
1,1,e191.jpg,263.0,192.0
1,1,e185.jpg,269.0,187.0
0,1,f1793.jpg,275.0,183.0
1,1,f1963.jpg,300.0,168.0
1,1,f1977.jpg,275.0,183.0
1,1,e634.jpg,291.0,173.0
1,1,c245.png,920.0,621.0
0,1,e152.jpg,271.0,186.0
1,0,f1022.jpg,283.0,178.0
1,0,f1036.jpg,275.0,183.0
1,0,d258.jpg,183.0,275.0
1,1,e146.jpg,299.0,168.0
1,1,e620.jpg,266.0,190.0
0,1,f329.jpg,277.0,182.0
1,1,f1750.jpg,274.0,184.0
1,1,e608.jpg,310.0,162.0
0,1,d35.jpg,290.0,174.0
1,1,b167.png,480.0,319.0
1,1,d516.jpg,275.0,183.0
0,1,f1778.jpg,275.0,183.0
1,0,f301.jpg,183.0,276.0
1,1,f467.jpg,259.0,194.0
1,1,d270.jpg,272.0,186.0
0,1,d264.jpg,194.0,259.0
1,0,f473.jpg,290.0,174.0
1,0,f315.jpg,225.0,224.0
1,1,d21.jpg,300.0,168.0
1,1,d502.jpg,275.0,183.0
1,0,f1195.jpg,275.0,183.0
1,1,f1181.jpg,260.0,194.0
1,1,d489.jpg,200.0,252.0
0,1,f1817.jpg,279.0,181.0
1,0,e82.jpg,870.0,490.0
1,0,e96.jpg,290.0,174.0
1,1,f1803.jpg,266.0,190.0
0,1,f249.jpg,275.0,183.0
0,1,f1630.jpg,275.0,183.0
0,1,d338.jpg,275.0,183.0
1,0,f1156.jpg,768.0,511.0
1,1,f1142.jpg,300.0,168.0
1,1,e69.jpg,300.0,168.0
0,1,f1624.jpg,225.0,225.0
1,1,d462.jpg,275.0,183.0
0,1,e41.jpg,283.0,178.0
0,1,f275.jpg,268.0,188.0
1,0,f513.jpg,259.0,194.0
1,0,d304.jpg,300.0,168.0
1,1,b33.png,640.0,420.0
1,1,d310.jpg,225.0,225.0
0,1,f507.jpg,275.0,183.0
1,0,f1618.jpg,311.0,162.0
0,1,f261.jpg,275.0,183.0
1,0,d476.jpg,259.0,194.0
0,1,e55.jpg,299.0,168.0
1,1,f1397.jpg,660.0,371.0
1,1,e581.jpg,300.0,168.0
1,1,e595.jpg,275.0,183.0
1,1,f1383.jpg,300.0,168.0
1,1,f1354.jpg,275.0,183.0
0,1,e224.jpg,259.0,194.0
1,0,e542.jpg,644.0,428.0
1,1,f1432.jpg,259.0,194.0
0,1,f1426.jpg,275.0,183.0
1,0,e556.jpg,257.0,196.0
1,1,d648.jpg,275.0,183.0
1,0,e230.jpg,275.0,183.0
1,1,f739.jpg,275.0,183.0
1,1,f1340.jpg,275.0,183.0
0,1,d106.jpg,275.0,183.0
1,1,e218.jpg,323.0,156.0
1,1,f1368.jpg,287.0,176.0
0,1,f711.jpg,242.0,208.0
1,0,d660.jpg,281.0,179.0
0,1,d674.jpg,194.0,259.0
0,1,f705.jpg,259.0,194.0
1,0,d112.jpg,259.0,194.0
1,1,d675.jpg,241.0,209.0
1,1,d113.jpg,310.0,163.0
1,1,f1369.jpg,275.0,183.0
1,0,f710.jpg,290.0,174.0
0,1,e219.jpg,259.0,194.0
1,1,d107.jpg,280.0,180.0
1,1,d661.jpg,259.0,194.0
1,1,e557.jpg,290.0,174.0
1,1,f1427.jpg,299.0,168.0
1,1,f738.jpg,275.0,183.0
1,1,f1341.jpg,302.0,167.0
0,1,e231.jpg,294.0,172.0
1,0,e225.jpg,275.0,183.0
0,1,f1355.jpg,275.0,183.0
1,0,f1433.jpg,259.0,194.0
1,1,e543.jpg,301.0,167.0
1,1,e594.jpg,288.0,175.0
1,1,f1382.jpg,300.0,168.0
0,1,f1396.jpg,284.0,177.0
1,1,f937.jpg,298.0,169.0
1,0,e580.jpg,279.0,181.0
1,1,f506.jpg,275.0,183.0
1,1,d311.jpg,261.0,193.0
1,0,e54.jpg,284.0,177.0
0,1,d477.jpg,194.0,259.0
1,0,f1619.jpg,259.0,195.0
1,0,f260.jpg,300.0,168.0
1,0,f274.jpg,275.0,183.0
1,1,e40.jpg,259.0,194.0
0,1,d463.jpg,300.0,168.0
1,1,d305.jpg,284.0,177.0
1,1,f512.jpg,259.0,194.0
1,0,f1143.jpg,309.0,163.0
1,0,f1625.jpg,275.0,183.0
0,1,e68.jpg,273.0,185.0
1,1,f1631.jpg,299.0,168.0
1,0,f1157.jpg,297.0,170.0
0,1,d339.jpg,293.0,172.0
0,1,f1802.jpg,259.0,194.0
1,0,e97.jpg,300.0,168.0
1,1,e83.jpg,653.0,490.0
0,1,f1816.jpg,274.0,184.0
1,1,f1180.jpg,275.0,183.0
1,0,d488.jpg,326.0,155.0
1,0,f1194.jpg,251.0,201.0
1,1,f472.jpg,291.0,173.0
1,0,d265.jpg,1205.0,824.0
1,0,d503.jpg,275.0,183.0
1,1,f314.jpg,299.0,169.0
1,1,f1779.jpg,259.0,194.0
1,1,f300.jpg,299.0,168.0
0,1,d517.jpg,196.0,257.0
1,0,b166.png,2400.0,1598.0
1,0,d34.jpg,287.0,176.0
1,1,e609.jpg,265.0,190.0
1,1,d271.jpg,285.0,177.0
1,1,f466.jpg,300.0,168.0
1,1,e147.jpg,289.0,174.0
0,1,d259.jpg,310.0,163.0
1,1,f1037.jpg,665.0,449.0
1,1,f328.jpg,283.0,178.0
0,1,f1751.jpg,290.0,174.0
1,1,e621.jpg,279.0,181.0
1,1,e635.jpg,259.0,194.0
0,1,f1023.jpg,266.0,190.0
1,0,e153.jpg,275.0,183.0
1,0,f1962.jpg,275.0,183.0
1,1,c91.png,1024.0,676.0
1,1,e184.jpg,286.0,176.0
1,1,f1792.jpg,268.0,188.0
0,1,f1786.jpg,264.0,191.0
0,1,e190.jpg,275.0,183.0
1,0,f499.jpg,275.0,183.0
0,1,f116.jpg,260.0,194.0
1,1,f22.jpg,297.0,170.0
1,1,e9.jpg,275.0,183.0
1,1,e379.jpg,275.0,183.0
1,1,f1209.jpg,275.0,183.0
1,0,f670.jpg,275.0,183.0
1,0,f664.jpg,275.0,183.0
1,1,f36.jpg,275.0,183.0
1,1,f102.jpg,275.0,183.0
1,1,e423.jpg,259.0,194.0
0,1,f5.jpg,278.0,181.0
1,1,f1553.jpg,272.0,185.0
1,1,f1235.jpg,304.0,166.0
0,1,a123.png,2400.0,1800.0
1,0,f894.jpg,280.0,180.0
0,1,e345.jpg,262.0,193.0
1,0,e351.jpg,275.0,183.0
1,1,f658.jpg,290.0,174.0
1,1,f1221.jpg,275.0,183.0
0,1,f1547.jpg,306.0,165.0
1,1,e437.jpg,274.0,184.0
0,1,f1590.jpg,276.0,183.0
1,1,e386.jpg,194.0,259.0
1,0,f857.jpg,275.0,183.0
0,1,e392.jpg,280.0,180.0
0,1,f1584.jpg,259.0,194.0
1,0,f1580.jpg,290.0,173.0
1,1,e396.jpg,275.0,183.0
1,1,f847.jpg,275.0,183.0
1,1,f853.jpg,290.0,174.0
0,1,e382.jpg,300.0,168.0
0,1,f106.jpg,206.0,245.0
1,1,f32.jpg,275.0,183.0
1,0,d9.jpg,275.0,183.0
1,1,e369.jpg,281.0,180.0
1,1,a54.png,640.0,359.0
1,0,f1219.jpg,194.0,259.0
0,1,f674.jpg,279.0,180.0
1,1,f26.jpg,259.0,194.0
1,0,f112.jpg,300.0,168.0
1,1,e433.jpg,275.0,183.0
1,0,f1543.jpg,277.0,182.0
0,1,f884.jpg,294.0,172.0
0,1,f1225.jpg,284.0,177.0
1,1,e355.jpg,300.0,168.0
1,1,e341.jpg,268.0,188.0
1,1,f890.jpg,261.0,193.0
0,1,f648.jpg,194.0,259.0
0,1,f1231.jpg,275.0,183.0
1,1,f1557.jpg,290.0,174.0
0,1,e427.jpg,310.0,163.0
0,1,f1.jpg,292.0,173.0
1,1,f1966.jpg,276.0,182.0
1,0,f1972.jpg,259.0,194.0
1,1,e194.jpg,562.0,331.0
1,1,e180.jpg,275.0,183.0
1,1,f489.jpg,281.0,179.0
0,1,f462.jpg,298.0,169.0
1,0,d275.jpg,276.0,183.0
1,1,d30.jpg,684.0,461.0
0,1,d513.jpg,275.0,183.0
1,1,f304.jpg,275.0,183.0
1,0,f1769.jpg,275.0,183.0
1,1,f310.jpg,300.0,168.0
1,1,d24.jpg,249.0,203.0
1,0,e619.jpg,289.0,174.0
0,1,d507.jpg,260.0,194.0
1,1,d261.jpg,800.0,533.0
0,1,d249.jpg,275.0,183.0
1,1,e157.jpg,275.0,183.0
1,1,f1027.jpg,281.0,180.0
1,0,f1999.jpg,259.0,194.0
1,1,f338.jpg,259.0,194.0
1,1,f1741.jpg,300.0,168.0
1,0,e631.jpg,275.0,183.0
1,1,d18.jpg,225.0,225.0
0,1,e625.jpg,279.0,181.0
1,1,f1755.jpg,300.0,168.0
1,0,f1033.jpg,270.0,187.0
1,1,e143.jpg,300.0,168.0
1,1,e87.jpg,275.0,183.0
1,1,e93.jpg,300.0,168.0
1,0,f1806.jpg,259.0,194.0
1,0,f1190.jpg,225.0,225.0
1,1,d498.jpg,276.0,183.0
1,0,f1184.jpg,260.0,194.0
1,1,f516.jpg,275.0,183.0
0,1,d301.jpg,294.0,172.0
1,1,c308.png,760.0,428.0
1,0,d467.jpg,300.0,168.0
1,1,e44.jpg,294.0,171.0
1,1,f270.jpg,280.0,180.0
0,1,f264.jpg,275.0,183.0
1,0,d473.jpg,277.0,182.0
1,1,e50.jpg,299.0,168.0
1,1,d315.jpg,259.0,194.0
1,0,f502.jpg,345.0,146.0
1,1,f1153.jpg,275.0,183.0
0,1,f1635.jpg,294.0,172.0
1,1,e78.jpg,258.0,195.0
1,0,c320.png,4000.0,3000.0
1,1,f258.jpg,252.0,200.0
1,0,f1621.jpg,290.0,174.0
0,1,f1147.jpg,290.0,174.0
0,1,d329.jpg,300.0,168.0
1,1,e584.jpg,299.0,169.0
1,1,f933.jpg,274.0,184.0
1,0,f1392.jpg,290.0,174.0
1,1,f1386.jpg,275.0,183.0
0,1,e590.jpg,280.0,180.0
0,1,d665.jpg,275.0,183.0
0,1,d103.jpg,174.0,290.0
1,0,f714.jpg,275.0,183.0
1,0,f1379.jpg,274.0,184.0
1,0,f700.jpg,290.0,174.0
0,1,d117.jpg,275.0,183.0
1,1,e209.jpg,752.0,501.0
1,1,d671.jpg,275.0,183.0
1,1,e547.jpg,253.0,199.0
0,1,d659.jpg,300.0,168.0
1,0,f1437.jpg,272.0,186.0
0,1,f728.jpg,275.0,183.0
1,0,f1351.jpg,284.0,178.0
1,0,e221.jpg,301.0,168.0
1,1,e235.jpg,275.0,183.0
0,1,f1345.jpg,273.0,185.0
1,0,f1423.jpg,259.0,194.0
0,1,e553.jpg,284.0,177.0
1,1,c122.png,1050.0,700.0
0,1,f1344.jpg,283.0,178.0
1,0,e234.jpg,300.0,168.0
0,1,e552.jpg,259.0,194.0
1,0,f1422.jpg,275.0,183.0
1,0,f1436.jpg,272.0,186.0
1,1,d658.jpg,275.0,183.0
0,1,e546.jpg,299.0,168.0
1,1,e220.jpg,275.0,183.0
1,1,f1350.jpg,275.0,183.0
1,0,e208.jpg,275.0,183.0
1,1,d116.jpg,300.0,168.0
1,1,f1378.jpg,285.0,177.0
1,0,f701.jpg,259.0,194.0
1,0,d670.jpg,275.0,183.0
0,1,d664.jpg,261.0,193.0
1,0,d102.jpg,275.0,183.0
1,1,f1387.jpg,275.0,183.0
0,1,e591.jpg,275.0,183.0
1,1,e585.jpg,287.0,176.0
1,0,f1393.jpg,260.0,194.0
1,1,f932.jpg,168.0,300.0
0,1,f1620.jpg,276.0,183.0
1,0,d328.jpg,270.0,186.0
1,1,f1146.jpg,257.0,196.0
1,1,f1152.jpg,275.0,183.0
0,1,e79.jpg,275.0,183.0
1,0,f1634.jpg,276.0,182.0
1,1,e51.jpg,273.0,184.0
1,0,d472.jpg,275.0,183.0
1,0,f265.jpg,284.0,177.0
1,1,f503.jpg,285.0,177.0
0,1,d314.jpg,282.0,179.0
1,1,d300.jpg,275.0,183.0
1,1,f517.jpg,254.0,198.0
0,1,f1608.jpg,282.0,179.0
1,1,e45.jpg,275.0,183.0
0,1,d466.jpg,284.0,177.0
1,0,f1185.jpg,275.0,183.0
1,1,f1191.jpg,188.0,268.0
1,1,d499.jpg,301.0,168.0
0,1,f1807.jpg,194.0,259.0
1,1,e92.jpg,300.0,168.0
1,1,e86.jpg,300.0,168.0
1,0,f1754.jpg,278.0,181.0
0,1,e624.jpg,274.0,184.0
1,1,d19.jpg,300.0,168.0
1,1,e142.jpg,282.0,179.0
1,1,f1032.jpg,500.0,333.0
1,0,f1026.jpg,299.0,168.0
1,0,e156.jpg,275.0,183.0
1,0,d248.jpg,275.0,183.0
1,1,e630.jpg,275.0,183.0
1,1,f339.jpg,334.0,151.0
1,0,f1740.jpg,257.0,196.0
0,1,f1998.jpg,275.0,184.0
0,1,d506.jpg,286.0,176.0
1,1,e618.jpg,275.0,183.0
0,1,d25.jpg,259.0,194.0
1,1,f1768.jpg,265.0,190.0
1,1,f311.jpg,256.0,197.0
1,1,f477.jpg,284.0,178.0
1,0,c43.png,800.0,600.0
0,1,d260.jpg,259.0,194.0
0,1,d274.jpg,275.0,183.0
1,1,f463.jpg,249.0,203.0
1,1,f305.jpg,275.0,183.0
0,1,d512.jpg,275.0,183.0
1,1,d31.jpg,299.0,169.0
1,0,b188.png,1200.0,630.0
0,1,f1797.jpg,194.0,259.0
1,1,f488.jpg,257.0,196.0
0,1,e181.jpg,300.0,168.0
1,1,e195.jpg,282.0,179.0
1,0,f1973.jpg,284.0,177.0
1,1,c94.png,2880.0,1920.0
1,1,f649.jpg,275.0,183.0
1,1,f1230.jpg,275.0,183.0
1,1,f891.jpg,266.0,190.0
1,0,e340.jpg,275.0,183.0
1,1,f0.jpg,299.0,168.0
0,1,e426.jpg,284.0,177.0
1,1,f1556.jpg,300.0,168.0
0,1,f1542.jpg,275.0,183.0
1,0,e432.jpg,300.0,168.0
1,1,a69.png,960.0,540.0
1,1,e354.jpg,275.0,183.0
1,0,f1224.jpg,259.0,194.0
1,1,f675.jpg,290.0,174.0
1,1,f113.jpg,300.0,168.0
1,1,f27.jpg,311.0,162.0
1,1,d8.jpg,260.0,194.0
1,1,f33.jpg,275.0,183.0
0,1,f107.jpg,270.0,186.0
0,1,f1218.jpg,275.0,183.0
0,1,f661.jpg,294.0,172.0
1,1,e368.jpg,275.0,183.0
1,0,e383.jpg,300.0,168.0
0,1,f852.jpg,274.0,184.0
0,1,f1595.jpg,284.0,177.0
0,1,f1581.jpg,275.0,183.0
0,1,f846.jpg,276.0,183.0
1,0,e397.jpg,183.0,275.0
1,1,a96.png,700.0,450.0
1,1,f878.jpg,275.0,183.0
1,1,f1597.jpg,291.0,173.0
1,0,f688.jpg,280.0,180.0
1,1,f850.jpg,300.0,168.0
1,0,e381.jpg,268.0,188.0
1,0,e395.jpg,275.0,183.0
1,1,f844.jpg,300.0,168.0
1,1,f1583.jpg,259.0,194.0
1,1,e418.jpg,281.0,180.0
1,0,f25.jpg,275.0,183.0
1,0,f1568.jpg,300.0,168.0
0,1,f111.jpg,275.0,183.0
1,1,a118.png,700.0,394.0
0,1,f105.jpg,259.0,194.0
1,1,f31.jpg,271.0,186.0
1,1,f1554.jpg,196.0,257.0
1,1,e424.jpg,275.0,183.0
1,0,f19.jpg,275.0,183.0
1,0,f2.jpg,283.0,178.0
1,1,e342.jpg,214.0,236.0
1,0,f893.jpg,267.0,188.0
1,1,f1232.jpg,259.0,194.0
1,0,f887.jpg,300.0,168.0
1,1,f1226.jpg,300.0,168.0
0,1,e356.jpg,490.0,327.0
1,1,e430.jpg,976.0,650.0
1,0,f139.jpg,276.0,183.0
1,1,f1540.jpg,275.0,183.0
1,0,f1971.jpg,259.0,194.0
0,1,f1965.jpg,272.0,185.0
1,1,e183.jpg,275.0,183.0
1,0,f1781.jpg,275.0,183.0
1,1,e197.jpg,259.0,194.0
1,1,d289.jpg,275.0,183.0
1,0,d262.jpg,300.0,168.0
1,1,c41.png,448.0,300.0
1,1,f475.jpg,273.0,185.0
1,1,d27.jpg,294.0,171.0
0,1,d504.jpg,259.0,194.0
1,1,d33.jpg,275.0,183.0
1,0,d510.jpg,275.0,183.0
1,1,f307.jpg,299.0,168.0
1,1,f1018.jpg,259.0,194.0
1,1,f461.jpg,284.0,177.0
0,1,d276.jpg,275.0,183.0
1,1,e168.jpg,262.0,192.0
1,1,f449.jpg,271.0,186.0
1,1,f1030.jpg,300.0,168.0
1,1,e140.png,1200.0,800.0
0,1,e626.jpg,297.0,170.0
0,1,d538.jpg,247.0,204.0
0,1,f1742.jpg,275.0,183.0
1,1,e632.jpg,285.0,177.0
1,1,c69.png,696.0,392.0
0,1,e154.jpg,284.0,177.0
1,1,f1024.jpg,259.0,195.0
1,1,e90.jpg,275.0,183.0
0,1,f1805.jpg,275.0,183.0
1,1,f1811.jpg,275.0,183.0
0,1,e84.jpg,284.0,178.0
0,1,f1187.jpg,310.0,163.0
1,1,f1839.jpg,300.0,168.0
1,1,f298.jpg,275.0,183.0
1,0,f1193.jpg,263.0,192.0
1,1,d316.jpg,194.0,259.0
1,1,f1178.jpg,275.0,183.0
1,1,f501.jpg,214.0,236.0
1,0,f267.jpg,259.0,194.0
1,1,d470.jpg,284.0,178.0
1,1,e53.jpg,800.0,449.0
1,0,d464.jpg,300.0,168.0
1,1,e47.jpg,270.0,186.0
1,1,f273.jpg,311.0,162.0
1,1,f515.jpg,275.0,183.0
1,0,d302.jpg,258.0,196.0
1,0,f1144.jpg,271.0,186.0
0,1,f1622.jpg,228.0,221.0
1,1,f1636.jpg,285.0,177.0
1,1,d458.jpg,259.0,194.0
1,1,f529.jpg,300.0,168.0
0,1,f1150.jpg,275.0,183.0
1,0,f918.jpg,306.0,165.0
1,0,e593.jpg,259.0,194.0
1,1,f924.jpg,296.0,170.0
1,1,f1385.jpg,300.0,168.0
1,0,f1391.jpg,300.0,168.0
1,1,e587.jpg,300.0,168.0
0,1,d672.jpg,275.0,183.0
1,0,f703.jpg,270.0,187.0
0,1,d114.jpg,256.0,197.0
1,1,d100.jpg,295.0,171.0
0,1,f717.jpg,290.0,174.0
1,1,f1408.jpg,284.0,177.0
0,1,e578.jpg,276.0,183.0
1,0,d666.jpg,259.0,194.0
1,1,c109.png,800.0,533.0
1,1,f1420.jpg,274.0,184.0
1,1,e550.jpg,294.0,171.0
1,0,d128.jpg,300.0,168.0
1,1,e236.jpg,275.0,183.0
1,1,f1346.jpg,275.0,183.0
0,1,f1352.jpg,259.0,194.0
1,1,e222.jpg,685.0,383.0
1,1,e544.jpg,290.0,174.0
1,0,f1434.jpg,225.0,225.0
1,1,e223.jpg,600.0,401.0
1,1,f1353.jpg,275.0,183.0
0,1,f1435.jpg,194.0,259.0
1,0,e545.jpg,300.0,168.0
1,1,e551.jpg,300.0,168.0
1,0,f1421.jpg,275.0,183.0
1,0,f1347.jpg,900.0,1200.0
1,0,e237.jpg,275.0,183.0
1,1,d129.jpg,299.0,168.0
1,0,f716.jpg,259.0,194.0
1,1,d101.jpg,266.0,190.0
1,0,d667.jpg,259.0,194.0
1,0,e579.jpg,284.0,178.0
0,1,f1409.jpg,280.0,180.0
1,1,d673.jpg,275.0,183.0
1,1,d115.jpg,290.0,174.0
0,1,f702.jpg,275.0,183.0
1,1,f1390.jpg,300.0,168.0
1,1,e586.jpg,288.0,175.0
1,0,e592.jpg,276.0,182.0
1,1,f1384.jpg,286.0,176.0
1,1,f919.jpg,275.0,183.0
1,1,d459.jpg,285.0,177.0
1,0,f1637.jpg,275.0,183.0
1,1,f1151.jpg,292.0,172.0
0,1,f1145.jpg,320.0,157.0
1,1,f1623.jpg,300.0,168.0
1,1,c322.png,5568.0,3712.0
0,1,f272.jpg,276.0,183.0
1,1,e46.jpg,260.0,162.0
1,1,d465.jpg,290.0,174.0
1,1,d303.jpg,310.0,163.0
1,1,f514.jpg,299.0,168.0
1,1,f1179.jpg,259.0,194.0
1,0,f500.jpg,225.0,225.0
1,1,d317.jpg,259.0,194.0
1,1,e52.jpg,768.0,511.0
0,1,d471.jpg,258.0,195.0
1,0,f266.jpg,275.0,183.0
1,1,f1192.jpg,286.0,176.0
1,0,f299.jpg,259.0,194.0
0,1,e85.jpg,275.0,183.0
1,0,f1804.jpg,205.0,246.0
1,0,e91.jpg,259.0,194.0
1,1,e633.jpg,290.0,174.0
0,1,f1743.jpg,323.0,156.0
0,1,f1025.jpg,275.0,183.0
1,1,e155.jpg,300.0,168.0
1,0,e141.jpg,274.0,184.0
1,1,f448.jpg,289.0,174.0
1,0,f1031.jpg,259.0,194.0
0,1,f1757.jpg,295.0,171.0
1,1,d539.jpg,275.0,183.0
1,1,e627.jpg,338.0,149.0
1,1,f306.jpg,272.0,185.0
1,1,d511.jpg,259.0,194.0
1,0,d32.jpg,273.0,185.0
0,1,e169.jpg,300.0,168.0
0,1,d277.jpg,285.0,177.0
1,1,f1019.jpg,299.0,168.0
1,1,f474.jpg,278.0,182.0
1,0,c40.png,1100.0,619.0
1,0,d263.jpg,259.0,194.0
0,1,d505.jpg,259.0,194.0
1,1,d26.jpg,259.0,194.0
1,1,f312.jpg,290.0,174.0
1,1,f1780.jpg,300.0,168.0
1,1,d288.jpg,241.0,209.0
1,1,e196.jpg,275.0,183.0
0,1,e182.jpg,275.0,183.0
1,1,f1964.jpg,276.0,183.0
0,1,f1970.jpg,284.0,177.0
1,1,e357.jpg,275.0,183.0
1,1,a131.png,293.0,165.0
1,1,f1227.jpg,290.0,174.0
1,1,f886.jpg,310.0,163.0
1,1,f138.jpg,270.0,186.0
0,1,f1541.jpg,275.0,183.0
1,1,e431.jpg,275.0,183.0
0,1,f3.jpg,288.0,175.0
0,1,f18.jpg,300.0,168.0
1,1,e425.jpg,260.0,194.0
1,1,f1555.jpg,300.0,168.0
1,0,f1233.jpg,290.0,174.0
1,1,e343.jpg,640.0,572.0
1,1,f662.jpg,259.0,194.0
1,1,a56.png,458.0,276.0
1,0,f30.jpg,266.0,190.0
1,1,f104.jpg,290.0,174.0
0,1,f1569.jpg,299.0,168.0
0,1,f110.jpg,300.0,168.0
1,1,f24.jpg,260.0,194.0
0,1,e419.jpg,259.0,194.0
1,1,f845.jpg,275.0,183.0
1,1,e394.jpg,276.0,183.0
1,1,f1582.jpg,274.0,184.0
1,1,f1596.jpg,299.0,168.0
1,1,e380.jpg,274.0,184.0
1,1,f851.jpg,300.0,168.0
1,1,f689.jpg,600.0,450.0
1,1,a95.png,720.0,540.0
0,1,f879.jpg,259.0,194.0
1,1,f874.jpg,252.0,200.0
0,1,f860.jpg,282.0,179.0
1,1,f690.jpg,279.0,181.0
1,0,f848.jpg,279.0,180.0
0,1,e399.jpg,298.0,169.0
1,1,f1216.jpg,275.0,183.0
0,1,e366.jpg,266.0,190.0
1,0,d6.jpg,275.0,183.0
1,1,e400.jpg,3036.0,2172.0
1,0,f1570.jpg,244.0,206.0
1,0,f109.jpg,249.0,202.0
1,0,f1564.jpg,290.0,174.0
0,1,e2.jpg,288.0,175.0
0,1,f29.jpg,275.0,183.0
1,1,e414.jpg,768.0,511.0
0,1,e372.jpg,665.0,449.0
1,0,f1202.jpg,284.0,177.0
1,1,f653.jpg,294.0,172.0
1,1,f135.jpg,275.0,183.0
1,0,f15.jpg,183.0,275.0
1,1,e428.jpg,960.0,540.0
1,0,f1558.jpg,275.0,183.0
1,0,f647.jpg,275.0,183.0
0,1,f1969.jpg,267.0,189.0
1,1,f1955.jpg,275.0,183.0
1,0,d285.jpg,268.0,188.0
1,1,f486.jpg,262.0,192.0
0,1,d291.jpg,275.0,183.0
0,1,f1799.jpg,275.0,183.0
0,1,f1941.jpg,277.0,182.0
0,1,f1772.jpg,281.0,180.0
1,0,e602.jpg,300.0,168.0
1,1,e164.jpg,284.0,178.0
1,1,f1014.jpg,284.0,177.0
1,1,f1000.jpg,275.0,183.0
1,1,f479.jpg,300.0,168.0
1,1,e170.jpg,290.0,174.0
1,1,e616.jpg,275.0,183.0
1,1,b179.png,630.0,472.0
0,1,d508.jpg,275.0,183.0
0,1,f1766.jpg,299.0,168.0
0,1,d520.jpg,299.0,169.0
1,0,f1996.jpg,300.0,168.0
1,1,f451.jpg,273.0,184.0
1,0,f1028.jpg,278.0,181.0
1,1,d246.jpg,242.0,208.0
1,1,e158.jpg,298.0,169.0
0,1,d252.jpg,275.0,183.0
1,1,c71.png,1024.0,648.0
0,1,f445.jpg,274.0,184.0
1,1,f1982.jpg,263.0,192.0
1,1,f323.jpg,275.0,183.0
1,1,d17.jpg,300.0,168.0
1,1,d534.jpg,278.0,181.0
0,1,e88.jpg,290.0,174.0
0,1,f1809.jpg,300.0,168.0
1,1,f1821.jpg,269.0,187.0
1,1,d497.jpg,259.0,194.0
0,1,d483.jpg,284.0,177.0
0,1,f1835.jpg,291.0,173.0
0,1,f294.jpg,259.0,194.0
0,1,f1606.jpg,277.0,182.0
1,0,d468.jpg,270.0,186.0
1,1,f1160.jpg,284.0,177.0
1,1,f519.jpg,300.0,168.0
1,0,f1174.jpg,281.0,180.0
1,1,f1612.jpg,275.0,183.0
0,1,d454.jpg,274.0,184.0
1,1,e77.jpg,275.0,183.0
1,1,f525.jpg,265.0,190.0
1,1,d332.jpg,259.0,194.0
1,0,d326.jpg,396.0,127.0
1,1,f531.jpg,275.0,183.0
1,1,f1148.jpg,259.0,194.0
1,1,f257.jpg,275.0,183.0
1,1,d440.jpg,275.0,183.0
1,1,e63.jpg,272.0,185.0
1,0,f900.jpg,275.0,183.0
0,1,f914.jpg,259.0,194.0
1,1,f928.jpg,275.0,183.0
1,1,f1389.jpg,275.0,183.0
1,1,f1362.jpg,281.0,179.0
1,1,e212.jpg,275.0,183.0
1,1,e574.jpg,289.0,174.0
0,1,f1404.jpg,284.0,178.0
1,1,f1410.jpg,260.0,194.0
1,0,e560.jpg,311.0,162.0
0,1,d118.jpg,277.0,182.0
1,1,e206.jpg,275.0,183.0
1,0,f1376.jpg,290.0,174.0
0,1,d130.jpg,308.0,163.0
0,1,f1438.jpg,259.0,194.0
1,1,e548.jpg,300.0,168.0
0,1,d656.jpg,274.0,184.0
0,1,d642.jpg,259.0,194.0
0,1,f733.jpg,290.0,174.0
1,1,d124.jpg,290.0,174.0
0,1,d643.jpg,240.0,210.0
1,1,d125.jpg,275.0,183.0
1,1,f732.jpg,259.0,194.0
0,1,f726.jpg,299.0,168.0
1,1,d131.jpg,276.0,183.0
1,1,d657.jpg,259.0,194.0
1,1,e549.jpg,275.0,183.0
1,1,f1439.jpg,268.0,188.0
1,1,e561.jpg,290.0,174.0
1,0,f1411.jpg,275.0,183.0
1,1,f1377.jpg,259.0,194.0
0,1,e207.jpg,311.0,162.0
0,1,d119.jpg,299.0,168.0
1,1,e213.jpg,300.0,168.0
0,1,f1363.jpg,274.0,184.0
1,1,f1405.jpg,275.0,183.0
1,1,e575.jpg,275.0,183.0
0,1,f1388.jpg,259.0,194.0
1,1,f901.jpg,290.0,174.0
0,1,f530.jpg,266.0,189.0
1,1,f1149.jpg,249.0,203.0
1,0,d327.jpg,266.0,190.0
0,1,e62.jpg,300.0,168.0
1,1,d441.jpg,276.0,183.0
0,1,f256.jpg,282.0,179.0
1,1,f242.jpg,300.0,168.0
1,0,e76.jpg,284.0,177.0
1,0,d455.jpg,275.0,183.0
1,0,d333.jpg,275.0,183.0
1,1,b38.png,1900.0,1266.0
0,1,f1175.jpg,259.0,194.0
1,1,f1613.jpg,275.0,183.0
0,1,d469.jpg,251.0,201.0
1,1,f1607.jpg,300.0,168.0
1,1,f1161.jpg,275.0,183.0
1,1,f295.jpg,275.0,183.0
1,0,f1834.jpg,284.0,177.0
1,1,d482.jpg,246.0,205.0
1,0,d496.jpg,300.0,168.0
1,0,f281.jpg,300.0,168.0
1,0,f1808.jpg,275.0,183.0
1,1,e89.jpg,284.0,177.0
1,1,f444.jpg,282.0,179.0
0,1,d253.jpg,259.0,194.0
1,1,d535.jpg,299.0,168.0
1,1,d16.jpg,300.0,168.0
1,1,f322.jpg,283.0,178.0
1,0,f1983.jpg,241.0,209.0
1,1,f336.jpg,299.0,168.0
0,1,f1997.jpg,299.0,168.0
1,0,d521.jpg,299.0,169.0
1,1,e159.jpg,300.0,168.0
1,0,d247.jpg,259.0,194.0
1,1,f450.jpg,275.0,183.0
1,0,f1029.jpg,318.0,159.0
1,1,e171.jpg,275.0,183.0
0,1,f1001.jpg,275.0,183.0
0,1,f478.jpg,299.0,168.0
1,1,f1767.jpg,310.0,162.0
1,0,d509.jpg,251.0,201.0
1,1,c266.png,655.0,437.0
0,1,e617.jpg,275.0,183.0
0,1,e603.jpg,283.0,178.0
0,1,f1773.jpg,259.0,194.0
1,1,f1015.jpg,294.0,172.0
1,1,e165.jpg,299.0,168.0
0,1,d290.jpg,276.0,183.0
0,1,f487.jpg,297.0,170.0
1,1,f1798.jpg,275.0,183.0
1,1,c299.png,3200.0,1680.0
1,1,f1954.jpg,203.0,249.0
1,1,f493.jpg,320.0,157.0
1,0,d284.jpg,285.0,177.0
0,1,f1968.jpg,289.0,174.0
1,0,f120.jpg,275.0,183.0
0,1,f1559.jpg,299.0,169.0
1,1,e429.jpg,284.0,177.0
1,1,f646.jpg,259.0,194.0
0,1,f134.jpg,294.0,171.0
1,0,e415.jpg,275.0,183.0
1,0,f28.jpg,275.0,183.0
1,1,e3.jpg,275.0,183.0
1,1,f1565.jpg,289.0,174.0
0,1,f1203.jpg,275.0,183.0
1,1,e373.jpg,275.0,183.0
1,0,e367.jpg,259.0,195.0
1,1,f1217.jpg,277.0,182.0
0,1,f1571.jpg,267.0,189.0
1,1,f108.jpg,300.0,168.0
1,1,e401.jpg,300.0,168.0
1,0,d7.jpg,275.0,183.0
0,1,f685.jpg,255.0,197.0
1,1,e398.jpg,300.0,168.0
1,0,f849.jpg,280.0,180.0
1,0,f691.jpg,4000.0,2250.0
0,1,f861.jpg,275.0,183.0
1,1,f875.jpg,290.0,174.0
1,1,f863.jpg,299.0,168.0
1,1,f877.jpg,283.0,178.0
1,1,f687.jpg,300.0,168.0
1,1,f1598.jpg,267.0,189.0
1,1,f693.jpg,267.0,188.0
1,1,e371.jpg,500.0,333.0
1,1,f1201.jpg,284.0,177.0
1,1,f678.jpg,259.0,194.0
1,0,f1567.jpg,290.0,174.0
1,1,e1.jpg,283.0,178.0
0,1,e417.jpg,299.0,168.0
0,1,d5.jpg,300.0,168.0
1,1,e403.jpg,512.0,384.0
1,1,f1573.jpg,253.0,199.0
1,1,f1215.jpg,277.0,182.0
1,1,e365.jpg,299.0,168.0
1,0,f644.jpg,285.0,177.0
1,1,a70.png,1280.0,720.0
1,1,f16.jpg,259.0,194.0
1,1,f122.jpg,274.0,184.0
1,1,f136.jpg,300.0,168.0
1,1,e359.jpg,275.0,183.0
0,1,f888.jpg,284.0,177.0
1,0,f650.jpg,194.0,259.0
1,1,f1229.jpg,274.0,184.0
1,1,f485.jpg,281.0,180.0
1,0,d292.jpg,279.0,180.0
1,1,e198.jpg,290.0,174.0
1,1,d286.jpg,275.0,183.0
1,1,f491.jpg,264.0,191.0
1,0,f1956.jpg,275.0,183.0
0,1,e615.jpg,194.0,259.0
1,1,d28.jpg,258.0,196.0
1,0,f1003.jpg,299.0,168.0
1,1,e173.jpg,275.0,183.0
1,1,d279.jpg,300.0,168.0
1,1,e167.jpg,259.0,194.0
1,1,f1017.jpg,275.0,183.0
1,1,f1771.jpg,266.0,189.0
1,1,f308.jpg,300.0,168.0
1,0,e601.jpg,650.0,433.0
0,1,f1981.jpg,194.0,259.0
1,1,f320.jpg,284.0,177.0
1,1,f1759.jpg,275.0,183.0
0,1,e629.jpg,290.0,174.0
0,1,d14.jpg,271.0,186.0
0,1,d537.jpg,282.0,179.0
0,1,d251.jpg,299.0,168.0
1,1,f452.jpg,275.0,183.0
1,1,d245.jpg,282.0,179.0
1,1,d523.jpg,275.0,183.0
1,1,f1995.jpg,260.0,194.0
1,0,f334.jpg,299.0,168.0
1,0,d480.jpg,337.0,150.0
1,0,f1836.jpg,273.0,185.0
1,0,f1188.jpg,309.0,163.0
1,1,f283.jpg,266.0,190.0
0,1,d494.jpg,300.0,168.0
0,1,f1611.jpg,247.0,204.0
1,1,f1177.jpg,299.0,168.0
1,0,d319.jpg,225.0,225.0
1,1,f1163.jpg,280.0,180.0
1,0,e48.jpg,276.0,183.0
1,0,d443.jpg,189.0,267.0
1,1,e60.jpg,302.0,167.0
1,1,d325.jpg,281.0,180.0
1,1,f532.jpg,275.0,183.0
1,1,f526.jpg,275.0,183.0
0,1,d331.jpg,261.0,193.0
1,0,d457.jpg,290.0,174.0
1,1,c338.png,1050.0,700.0
1,1,e74.jpg,275.0,183.0
1,1,f1639.jpg,194.0,259.0
1,1,f903.jpg,269.0,188.0
1,0,e588.jpg,290.0,174.0
1,0,e205.jpg,299.0,168.0
1,0,f1375.jpg,350.0,144.0
0,1,e563.jpg,225.0,225.0
1,1,e577.jpg,282.0,179.0
0,1,d669.jpg,275.0,183.0
1,0,f1407.jpg,300.0,168.0
1,0,f1361.jpg,275.0,183.0
0,1,f718.jpg,275.0,183.0
1,1,e211.jpg,300.0,168.0
1,1,f1349.jpg,251.0,200.0
1,1,d127.jpg,270.0,187.0
1,1,e239.jpg,290.0,174.0
1,1,d641.jpg,270.0,186.0
1,0,d655.jpg,277.0,182.0
1,1,d133.jpg,280.0,180.0
0,1,d654.jpg,276.0,183.0
1,1,f725.jpg,290.0,174.0
1,1,d132.jpg,311.0,162.0
1,1,e238.jpg,271.0,186.0
1,1,d126.jpg,275.0,183.0
0,1,f731.jpg,281.0,179.0
1,0,f1348.jpg,267.0,188.0
1,1,d640.jpg,276.0,183.0
1,1,f1406.jpg,258.0,195.0
1,0,d668.jpg,284.0,177.0
1,1,e576.jpg,286.0,176.0
0,1,e210.jpg,275.0,183.0
1,1,f1360.jpg,259.0,194.0
1,1,f719.jpg,275.0,183.0
1,1,f1374.jpg,300.0,168.0
0,1,e204.jpg,303.0,166.0
1,0,e562.jpg,300.0,168.0
1,0,f1412.jpg,277.0,182.0
1,1,e589.jpg,290.0,174.0
1,1,f902.jpg,259.0,194.0
1,1,f916.jpg,275.0,183.0
1,1,d330.jpg,273.0,184.0
1,0,f241.jpg,259.0,194.0
0,1,f1638.jpg,289.0,174.0
1,1,e75.jpg,284.0,177.0
1,0,d456.jpg,350.0,144.0
1,1,e61.jpg,284.0,177.0
1,1,d442.jpg,299.0,168.0
0,1,f255.jpg,284.0,178.0
0,1,d324.jpg,300.0,168.0
1,0,f1162.jpg,285.0,177.0
1,0,e49.jpg,264.0,191.0
1,0,f1604.jpg,290.0,174.0
1,0,f1610.jpg,259.0,195.0
1,1,f269.jpg,300.0,168.0
1,0,d318.jpg,275.0,183.0
1,1,f1176.jpg,275.0,183.0
1,0,d495.jpg,274.0,184.0
1,1,f282.jpg,294.0,172.0
0,1,f1823.jpg,275.0,183.0
1,0,f296.jpg,259.0,194.0
1,1,d481.jpg,300.0,168.0
0,1,f1189.jpg,300.0,168.0
0,1,d244.jpg,275.0,183.0
1,0,f453.jpg,275.0,183.0
1,0,f1994.jpg,318.0,159.0
1,1,d522.jpg,194.0,259.0
1,1,d536.jpg,300.0,168.0
1,1,d15.jpg,275.0,183.0
0,1,e628.jpg,249.0,203.0
1,1,f1980.jpg,275.0,183.0
1,1,f447.jpg,224.0,225.0
1,0,d250.jpg,259.0,194.0
1,1,f1016.jpg,275.0,183.0
1,1,e166.jpg,300.0,168.0
1,0,d278.jpg,224.0,225.0
1,1,e600.jpg,275.0,183.0
0,1,f1770.jpg,299.0,169.0
1,1,f309.jpg,310.0,163.0
1,1,f1764.jpg,289.0,175.0
1,1,d29.jpg,275.0,183.0
1,1,e614.jpg,500.0,333.0
1,0,e172.jpg,300.0,168.0
1,1,f1002.jpg,275.0,183.0
1,1,f490.jpg,300.0,168.0
1,0,d287.jpg,277.0,182.0
1,1,e199.jpg,275.0,183.0
0,1,f1957.jpg,283.0,178.0
0,1,f1943.jpg,300.0,168.0
1,1,d293.jpg,280.0,180.0
0,1,f484.jpg,259.0,194.0
1,1,f137.jpg,260.0,162.0
0,1,f651.jpg,292.0,173.0
1,1,f1228.jpg,275.0,183.0
1,0,f889.jpg,224.0,225.0
1,0,e358.jpg,863.0,575.0
0,1,f645.jpg,275.0,183.0
1,1,f123.jpg,291.0,173.0
1,1,f17.jpg,300.0,168.0
1,1,f1572.jpg,275.0,183.0
1,1,e402.jpg,284.0,177.0
1,1,d4.jpg,300.0,168.0
0,1,e364.jpg,284.0,177.0
1,1,f1214.jpg,300.0,168.0
1,1,f1200.jpg,275.0,183.0
1,1,f679.jpg,290.0,174.0
1,1,e370.jpg,300.0,168.0
1,0,e416.jpg,285.0,177.0
1,1,e0.jpg,299.0,168.0
1,0,f1566.jpg,301.0,167.0
1,1,f692.jpg,290.0,174.0
1,0,f686.jpg,259.0,194.0
1,1,f1599.jpg,278.0,181.0
0,1,f862.jpg,275.0,183.0
0,1,f682.jpg,275.0,183.0
0,1,f696.jpg,286.0,176.0
0,1,f1589.jpg,259.0,194.0
0,1,f866.jpg,275.0,183.0
1,1,f872.jpg,260.0,162.0
1,0,f13.jpg,256.0,197.0
1,1,f8.jpg,288.0,175.0
0,1,f127.jpg,306.0,165.0
1,0,f899.jpg,259.0,194.0
1,0,f641.jpg,310.0,163.0
1,1,f1238.jpg,259.0,194.0
1,1,e348.jpg,268.0,188.0
1,1,f133.jpg,275.0,183.0
1,1,f1562.jpg,194.0,259.0
0,1,e412.jpg,290.0,174.0
1,1,e4.jpg,275.0,183.0
1,1,e374.jpg,300.0,168.0
1,1,a49.png,1500.0,983.0
1,0,f1204.jpg,299.0,168.0
1,1,f1210.jpg,300.0,168.0
1,0,f669.jpg,275.0,183.0
1,1,e360.jpg,275.0,183.0
0,1,e406.jpg,275.0,183.0
0,1,d0.jpg,292.0,173.0
0,1,f1576.jpg,303.0,167.0
1,0,f480.jpg,273.0,185.0
1,1,e189.jpg,286.0,176.0
0,1,d297.jpg,344.0,146.0
1,0,f1947.jpg,310.0,163.0
1,1,f1953.jpg,259.0,194.0
1,1,b194.png,955.0,369.0
1,0,d283.jpg,266.0,190.0
1,0,f494.jpg,300.0,168.0
0,1,d254.jpg,188.0,269.0
1,1,f443.jpg,165.0,305.0
1,0,f1984.jpg,275.0,183.0
1,1,d11.jpg,311.0,162.0
1,1,d532.jpg,276.0,183.0
1,1,e638.jpg,275.0,183.0
0,1,d526.jpg,303.0,167.0
0,1,f1990.jpg,275.0,183.0
1,1,f1748.jpg,275.0,183.0
1,0,f457.jpg,275.0,183.0
1,1,d240.jpg,298.0,169.0
1,1,f1006.jpg,275.0,183.0
0,1,d268.jpg,259.0,194.0
1,1,e176.jpg,650.0,867.0
1,0,e610.jpg,275.0,183.0
1,1,c261.png,1300.0,922.0
1,1,f319.jpg,276.0,182.0
0,1,d39.jpg,300.0,168.0
1,1,e604.jpg,259.0,194.0
1,0,e162.jpg,278.0,182.0
1,1,f1012.jpg,275.0,183.0
1,0,d485.jpg,168.0,300.0
1,1,f292.jpg,275.0,183.0
0,1,f1827.jpg,299.0,168.0
1,0,f286.jpg,275.0,183.0
0,1,d491.jpg,259.0,194.0
1,1,f1199.jpg,225.0,225.0
1,1,d320.jpg,281.0,179.0
1,0,f1628.jpg,259.0,194.0
1,1,d446.jpg,302.0,167.0
0,1,e65.jpg,297.0,170.0
1,0,d452.jpg,267.0,188.0
1,1,e71.jpg,277.0,182.0
1,0,f245.jpg,293.0,172.0
1,1,f523.jpg,300.0,168.0
1,1,d334.jpg,282.0,179.0
1,1,f1172.jpg,299.0,168.0
1,1,e59.jpg,300.0,168.0
1,1,f1614.jpg,275.0,183.0
0,1,f1600.jpg,299.0,168.0
1,1,f279.jpg,290.0,174.0
1,1,d308.jpg,259.0,194.0
1,0,f1166.jpg,276.0,183.0
1,1,e599.jpg,276.0,183.0
1,1,f912.jpg,285.0,177.0
0,1,f906.jpg,284.0,177.0
1,1,d644.jpg,291.0,173.0
1,1,d122.jpg,334.0,151.0
0,1,d136.jpg,297.0,170.0
1,1,e228.jpg,275.0,183.0
1,1,f721.jpg,290.0,174.0
1,0,f1358.jpg,300.0,168.0
0,1,d650.jpg,275.0,183.0
1,1,f1416.jpg,266.0,189.0
1,0,e566.jpg,665.0,443.0
0,1,d678.jpg,275.0,183.0
0,1,e200.jpg,225.0,224.0
1,1,f1370.jpg,275.0,183.0
0,1,f709.jpg,259.0,194.0
1,0,f1364.jpg,275.0,183.0
1,1,e214.jpg,274.0,184.0
1,0,e572.jpg,275.0,183.0
0,1,f1402.jpg,251.0,201.0
1,0,e215.jpg,274.0,184.0
0,1,f1365.jpg,284.0,177.0
1,1,f1403.jpg,976.0,650.0
0,1,e573.jpg,300.0,168.0
0,1,d679.jpg,275.0,184.0
1,1,e567.jpg,259.0,194.0
1,0,f1417.jpg,299.0,168.0
1,1,f1371.jpg,300.0,168.0
1,1,f708.jpg,282.0,179.0
1,1,e201.jpg,285.0,177.0
1,1,f720.jpg,299.0,168.0
0,1,f1359.jpg,260.0,194.0
1,1,e229.jpg,290.0,174.0
1,0,d137.jpg,297.0,169.0
1,1,d651.jpg,259.0,194.0
1,0,d645.jpg,268.0,188.0
1,0,d123.jpg,300.0,168.0
1,1,f913.jpg,275.0,183.0
0,1,e598.jpg,327.0,154.0
1,1,f278.jpg,254.0,198.0
1,1,f1167.jpg,275.0,183.0
1,1,d309.jpg,275.0,183.0
1,0,f1173.jpg,251.0,201.0
0,1,f1615.jpg,300.0,168.0
1,0,e58.jpg,284.0,178.0
1,0,f244.jpg,283.0,178.0
1,0,e70.jpg,300.0,168.0
0,1,d453.jpg,300.0,168.0
0,1,d335.jpg,225.0,225.0
1,1,f522.jpg,259.0,194.0
1,1,f536.jpg,275.0,183.0
0,1,d321.jpg,275.0,183.0
1,1,e64.jpg,290.0,174.0
1,1,d447.jpg,280.0,180.0
1,1,c328.png,590.0,393.0
1,0,f250.jpg,259.0,194.0
1,1,f1629.jpg,285.0,177.0
1,0,d490.jpg,300.0,168.0
0,1,f287.jpg,174.0,290.0
0,1,f1826.jpg,279.0,181.0
1,0,f293.jpg,259.0,194.0
0,1,d484.jpg,281.0,179.0
1,1,e605.jpg,289.0,175.0
1,0,d38.jpg,249.0,202.0
0,1,f1013.jpg,278.0,182.0
1,1,e163.jpg,273.0,185.0
1,1,e177.jpg,275.0,183.0
0,1,d269.jpg,278.0,181.0
1,1,f1007.jpg,300.0,168.0
0,1,f318.jpg,300.0,168.0
0,1,e611.jpg,299.0,169.0
0,1,f330.jpg,299.0,168.0
0,1,f1991.jpg,259.0,195.0
0,1,d527.jpg,282.0,179.0
1,0,e639.jpg,259.0,194.0
0,1,d241.jpg,286.0,176.0
1,1,f456.jpg,300.0,168.0
0,1,f442.jpg,282.0,179.0
1,1,c76.png,992.0,415.0
0,1,d255.jpg,284.0,177.0
0,1,d533.jpg,300.0,168.0
0,1,d10.jpg,259.0,194.0
1,1,f324.jpg,290.0,174.0
1,0,f1952.jpg,281.0,179.0
1,1,d282.jpg,300.0,168.0
0,1,d296.jpg,275.0,183.0
1,0,e188.jpg,290.0,174.0
1,1,f481.jpg,259.0,194.0
1,1,f1946.jpg,275.0,183.0
1,1,e361.jpg,284.0,177.0
1,1,a107.png,1280.0,720.0
1,1,f1211.jpg,283.0,178.0
0,1,f1577.jpg,282.0,179.0
0,1,d1.jpg,278.0,181.0
1,1,e407.jpg,275.0,183.0
1,1,e5.jpg,288.0,175.0
1,0,e413.jpg,259.0,194.0
1,0,f1563.jpg,275.0,183.0
1,1,f1205.jpg,300.0,168.0
1,1,e375.jpg,275.0,183.0
0,1,f132.jpg,304.0,166.0
0,1,f126.jpg,283.0,178.0
1,1,f12.jpg,299.0,168.0
1,1,e349.jpg,275.0,183.0
1,1,f640.jpg,276.0,183.0
1,0,f1239.jpg,275.0,183.0
1,0,f898.jpg,268.0,188.0
1,0,f873.jpg,299.0,168.0
0,1,f867.jpg,275.0,183.0
0,1,f697.jpg,275.0,183.0
1,1,f1588.jpg,300.0,168.0
1,0,f683.jpg,276.0,182.0
1,1,f695.jpg,298.0,169.0
1,1,e388.jpg,300.0,168.0
1,0,f681.jpg,225.0,225.0
1,1,f130.jpg,273.0,185.0
0,1,e439.jpg,275.0,183.0
1,0,f656.jpg,225.0,225.0
0,1,f10.jpg,290.0,174.0
1,0,f124.jpg,300.0,168.0
1,0,e405.jpg,300.0,168.0
0,1,f38.jpg,284.0,177.0
1,0,d3.jpg,274.0,184.0
0,1,f1575.jpg,275.0,183.0
1,1,f1213.jpg,265.0,190.0
0,1,e363.jpg,274.0,184.0
0,1,e377.jpg,284.0,177.0
1,0,f1207.jpg,290.0,174.0
1,1,f1561.jpg,264.0,191.0
1,0,f118.jpg,259.0,194.0
1,1,e411.jpg,257.0,196.0
0,1,e7.jpg,383.0,321.0
1,0,d280.jpg,310.0,163.0
1,1,f497.jpg,299.0,168.0
1,1,f1950.jpg,275.0,183.0
1,1,f1944.jpg,246.0,205.0
1,1,f483.jpg,266.0,190.0
1,1,d294.jpg,282.0,179.0
0,1,f1978.jpg,275.0,183.0
0,1,f454.jpg,284.0,177.0
1,0,d243.jpg,270.0,187.0
1,1,b154.png,640.0,480.0
0,1,d525.jpg,289.0,174.0
0,1,f326.jpg,275.0,183.0
1,1,d12.jpg,275.0,183.0
1,1,d531.jpg,259.0,194.0
0,1,d257.jpg,318.0,159.0
1,1,e149.jpg,327.0,154.0
1,1,f440.jpg,259.0,194.0
0,1,f1039.jpg,275.0,183.0
0,1,e161.jpg,319.0,158.0
0,1,f1011.jpg,299.0,168.0
0,1,f1777.jpg,274.0,184.0
0,1,e607.jpg,299.0,168.0
1,0,d519.jpg,275.0,183.0
0,1,e613.jpg,288.0,175.0
0,1,c262.png,800.0,450.0
1,1,f1763.jpg,259.0,194.0
1,1,f1005.jpg,284.0,177.0
1,1,e175.jpg,880.0,547.0
1,0,f1824.jpg,299.0,168.0
1,1,f285.jpg,275.0,183.0
1,1,d492.jpg,255.0,198.0
1,1,d486.jpg,299.0,168.0
1,1,f1830.jpg,249.0,203.0
1,0,f291.jpg,280.0,180.0
1,1,e99.jpg,275.0,183.0
0,1,f1159.jpg,275.0,183.0
1,1,d337.jpg,292.0,172.0
1,0,e72.jpg,274.0,184.0
1,1,f246.jpg,194.0,259.0
0,1,f252.jpg,275.0,183.0
1,1,d445.jpg,288.0,175.0
1,0,e66.jpg,300.0,168.0
1,1,d323.jpg,300.0,168.0
1,1,f534.jpg,286.0,176.0
1,1,b28.png,600.0,400.0
1,1,f1165.jpg,181.0,278.0
1,1,f1603.jpg,257.0,196.0
1,1,d479.jpg,268.0,188.0
1,1,f1617.jpg,194.0,259.0
1,0,f1171.jpg,275.0,183.0
1,0,f508.jpg,283.0,178.0
1,0,f939.jpg,275.0,183.0
0,1,f1398.jpg,300.0,168.0
1,1,f905.jpg,261.0,193.0
1,1,f911.jpg,275.0,183.0
1,1,d653.jpg,275.0,183.0
1,0,d135.jpg,275.0,183.0
1,1,f722.jpg,300.0,168.0
0,1,f736.jpg,188.0,269.0
1,0,d121.jpg,259.0,194.0
0,1,e559.jpg,277.0,182.0
0,1,d647.jpg,194.0,259.0
1,1,f1429.jpg,274.0,184.0
1,0,e571.jpg,252.0,200.0
1,1,f1401.jpg,270.0,186.0
1,0,f1367.jpg,300.0,168.0
1,1,d109.jpg,259.0,194.0
0,1,e217.jpg,280.0,180.0
1,0,e203.jpg,275.0,183.0
1,1,f1373.jpg,275.0,183.0
1,1,f1415.jpg,290.0,174.0
1,1,e565.jpg,1118.0,688.0
1,0,f1372.jpg,275.0,183.0
0,1,e202.jpg,259.0,194.0
1,0,e564.jpg,275.0,183.0
1,1,f1414.jpg,277.0,182.0
1,0,f1400.jpg,300.0,168.0
0,1,e570.jpg,271.0,186.0
1,1,e216.jpg,275.0,183.0
1,0,d108.jpg,259.0,194.0
1,1,f1366.jpg,299.0,169.0
0,1,d120.jpg,299.0,168.0
0,1,f737.jpg,275.0,183.0
1,1,f1428.jpg,260.0,194.0
0,1,d646.jpg,273.0,185.0
1,0,e558.jpg,299.0,168.0
1,1,d652.jpg,275.0,183.0
1,1,f723.jpg,275.0,183.0
0,1,d134.jpg,275.0,183.0
0,1,f910.jpg,282.0,179.0
1,0,f904.jpg,225.0,225.0
1,0,f1399.jpg,194.0,259.0
1,1,f938.jpg,283.0,178.0
1,1,f1616.jpg,194.0,259.0
0,1,d478.jpg,259.0,194.0
0,1,f1170.jpg,259.0,194.0
1,1,f509.jpg,300.0,168.0
1,0,f1164.jpg,300.0,168.0
1,1,c303.png,1355.0,1000.0
1,1,f1602.jpg,290.0,174.0
1,0,e67.jpg,278.0,181.0
1,1,d444.jpg,275.0,183.0
1,0,f253.jpg,183.0,276.0
1,1,f535.jpg,269.0,187.0
0,1,d322.jpg,194.0,259.0
0,1,d336.jpg,300.0,168.0
1,1,f521.jpg,275.0,183.0
1,0,f1158.jpg,275.0,183.0
1,0,f247.jpg,259.0,194.0
1,1,e73.jpg,271.0,186.0
1,1,d450.jpg,275.0,183.0
1,1,e98.jpg,1200.0,800.0
1,1,f290.jpg,275.0,183.0
0,1,f1831.jpg,290.0,174.0
1,1,d487.jpg,275.0,183.0
0,1,d493.jpg,251.0,201.0
1,0,f284.jpg,275.0,183.0
1,0,f1825.jpg,300.0,168.0
1,1,f1762.jpg,283.0,178.0
0,1,e612.jpg,266.0,189.0
0,1,e174.jpg,960.0,720.0
0,1,f1004.jpg,287.0,176.0
0,1,f1010.jpg,284.0,177.0
0,1,e160.jpg,272.0,185.0
1,1,d518.jpg,300.0,168.0
1,1,e606.jpg,201.0,251.0
1,1,d530.jpg,274.0,184.0
1,0,d13.jpg,266.0,190.0
0,1,f1986.jpg,275.0,183.0
0,1,f441.jpg,327.0,154.0
1,0,f1038.jpg,259.0,194.0
1,0,e148.jpg,275.0,183.0
1,1,d256.jpg,275.0,183.0
1,1,d242.jpg,275.0,183.0
0,1,f333.jpg,299.0,168.0
0,1,f1992.jpg,259.0,194.0
1,1,d524.jpg,290.0,174.0
1,1,f1979.jpg,284.0,178.0
1,1,d295.jpg,259.0,194.0
1,1,f496.jpg,275.0,183.0
1,1,d281.jpg,300.0,168.0
1,0,f1789.jpg,275.0,183.0
1,1,f1206.jpg,976.0,650.0
1,1,e376.jpg,275.0,183.0
1,1,e6.jpg,299.0,168.0
0,1,e410.jpg,320.0,157.0
1,0,f1560.jpg,299.0,169.0
0,1,f119.jpg,275.0,183.0
1,0,f1574.jpg,183.0,275.0
0,1,d2.jpg,270.0,186.0
0,1,f39.jpg,284.0,177.0
1,1,e404.jpg,273.0,185.0
1,1,e362.jpg,275.0,183.0
0,1,f1212.jpg,275.0,183.0
1,0,f643.jpg,293.0,172.0
1,1,f125.jpg,300.0,168.0
1,0,f11.jpg,274.0,184.0
1,0,e438.jpg,275.0,183.0
1,1,f131.jpg,282.0,179.0
0,1,f1548.jpg,300.0,168.0
1,1,f657.jpg,275.0,183.0
1,1,f864.jpg,259.0,194.0
0,1,f870.jpg,275.0,183.0
1,0,f680.jpg,262.0,193.0
0,1,e389.jpg,297.0,170.0
1,0,f694.jpg,286.0,176.0
1,0,f817.jpg,275.0,183.0
1,1,f89.jpg,684.0,461.0
0,1,e488.jpg,259.0,194.0
0,1,f181.jpg,259.0,195.0
1,1,b5.png,1200.0,836.0
1,1,e463.jpg,292.0,173.0
1,1,e305.jpg,259.0,194.0
1,0,f1275.jpg,310.0,163.0
1,1,f1261.jpg,277.0,182.0
1,1,f618.jpg,275.0,183.0
1,1,e311.jpg,269.0,187.0
1,1,e477.jpg,275.0,183.0
1,1,f1507.jpg,275.0,183.0
0,1,f62.jpg,300.0,168.0
0,1,f156.jpg,275.0,183.0
1,1,f1249.jpg,299.0,169.0
1,0,e339.jpg,300.0,168.0
0,1,f142.jpg,275.0,183.0
0,1,f76.jpg,300.0,168.0
1,1,f1088.jpg,275.0,183.0
1,1,d580.jpg,275.0,183.0
1,0,f397.jpg,275.0,183.0
1,1,f383.jpg,275.0,184.0
1,1,f1922.jpg,275.0,183.0
0,1,d594.jpg,275.0,183.0
0,1,f1077.jpg,273.0,184.0
1,0,d219.jpg,310.0,163.0
0,1,e107.jpg,284.0,177.0
0,1,e661.jpg,275.0,183.0
1,1,f1711.jpg,310.0,163.0
1,0,f368.jpg,300.0,168.0
1,1,f1705.jpg,290.0,174.0
0,1,d48.jpg,300.0,168.0
0,1,e675.jpg,318.0,159.0
1,1,e113.jpg,299.0,168.0
1,1,f1063.jpg,268.0,188.0
1,0,d225.jpg,299.0,168.0
1,1,f354.jpg,275.0,183.0
1,1,d543.jpg,259.0,194.0
0,1,d74.jpg,294.0,172.0
0,1,e649.jpg,961.0,611.0
0,1,d557.jpg,256.0,197.0
0,1,f340.jpg,273.0,184.0
1,0,f1739.jpg,275.0,183.0
1,0,d231.jpg,225.0,225.0
1,1,c12.png,640.0,360.0
1,0,f585.jpg,285.0,177.0
1,0,d392.jpg,181.0,278.0
1,0,f1842.jpg,300.0,168.0
1,1,f1856.jpg,275.0,183.0
1,1,d386.jpg,292.0,172.0
1,0,f1103.jpg,275.0,183.0
0,1,e28.jpg,260.0,194.0
1,1,f1665.jpg,275.0,183.0
1,1,f1671.jpg,297.0,169.0
1,0,f208.jpg,300.0,168.0
1,1,d379.jpg,269.0,188.0
1,1,f1117.jpg,274.0,184.0
1,1,d351.jpg,275.0,183.0
1,0,f546.jpg,261.0,193.0
1,0,f220.jpg,284.0,177.0
0,1,f1659.jpg,275.0,183.0
1,1,f1881.jpg,194.0,259.0
1,1,d437.jpg,275.0,183.0
1,1,e14.jpg,265.0,190.0
0,1,d423.jpg,259.0,194.0
1,1,f1895.jpg,275.0,183.0
1,1,f552.jpg,286.0,176.0
0,1,d345.jpg,259.0,194.0
1,1,f963.jpg,266.0,190.0
1,1,f1498.jpg,270.0,186.0
1,1,d190.jpg,275.0,183.0
0,1,d184.jpg,188.0,268.0
0,1,f1467.jpg,194.0,259.0
1,1,e517.jpg,275.0,183.0
1,0,c166.png,2560.0,1706.0
0,1,d609.jpg,259.0,194.0
1,1,e271.jpg,297.0,170.0
1,1,f1301.jpg,287.0,176.0
1,1,f778.jpg,272.0,186.0
0,1,f1315.jpg,326.0,154.0
0,1,e265.jpg,275.0,183.0
1,0,e503.jpg,272.0,186.0
1,1,f1473.jpg,275.0,183.0
1,0,d635.jpg,273.0,185.0
1,1,f744.jpg,284.0,177.0
1,0,d153.jpg,299.0,168.0
1,1,d147.jpg,291.0,173.0
0,1,e259.jpg,290.0,174.0
1,0,f750.jpg,310.0,163.0
1,1,f1329.jpg,189.0,267.0
0,1,f988.jpg,268.0,188.0
1,1,d621.jpg,300.0,168.0
0,1,f989.jpg,300.0,168.0
0,1,f751.jpg,259.0,194.0
0,1,f1328.jpg,299.0,168.0
1,1,e258.jpg,300.0,168.0
1,1,d146.jpg,280.0,180.0
1,0,d620.jpg,273.0,185.0
1,1,d634.jpg,259.0,194.0
0,1,d152.jpg,258.0,195.0
1,1,f745.jpg,275.0,183.0
1,1,e264.jpg,275.0,183.0
1,0,f1314.jpg,259.0,194.0
1,1,f1472.jpg,275.0,183.0
1,1,e502.jpg,299.0,168.0
1,1,e516.jpg,275.0,183.0
1,0,f1466.jpg,300.0,168.0
1,1,f1300.jpg,278.0,182.0
1,1,f779.jpg,286.0,176.0
1,1,e270.jpg,285.0,177.0
1,0,d185.jpg,290.0,174.0
1,1,f792.jpg,259.0,194.0
0,1,f1499.jpg,275.0,183.0
1,1,f786.jpg,295.0,171.0
0,1,d191.jpg,266.0,189.0
1,1,f976.jpg,259.0,194.0
1,0,f962.jpg,266.0,190.0
1,1,f1894.jpg,282.0,179.0
1,1,f235.jpg,302.0,167.0
1,1,d422.jpg,277.0,182.0
1,0,d344.jpg,275.0,183.0
1,1,b67.png,1500.0,996.0
1,1,f547.jpg,263.0,192.0
1,0,d350.jpg,259.0,194.0
1,0,e15.jpg,275.0,183.0
0,1,d436.jpg,282.0,179.0
0,1,f221.jpg,800.0,558.0
0,1,f1658.jpg,289.0,174.0
1,1,f1670.jpg,298.0,169.0
0,1,f1116.jpg,275.0,183.0
1,1,d378.jpg,275.0,183.0
1,0,f1102.jpg,276.0,183.0
0,1,f1664.jpg,256.0,197.0
0,1,e29.jpg,275.0,183.0
0,1,f1857.jpg,275.0,183.0
1,1,d387.jpg,275.0,183.0
1,1,d393.jpg,275.0,183.0
1,0,f584.jpg,284.0,177.0
1,0,f1843.jpg,275.0,183.0
1,1,f1738.jpg,275.0,183.0
1,1,d556.jpg,275.0,183.0
1,1,b127.png,1000.0,600.0
0,1,e648.jpg,275.0,183.0
1,1,d75.jpg,275.0,183.0
0,1,d230.jpg,292.0,173.0
1,1,f427.jpg,276.0,183.0
1,0,f433.jpg,251.0,201.0
1,1,d224.jpg,275.0,183.0
1,0,d542.jpg,275.0,183.0
1,0,d61.jpg,283.0,178.0
1,1,f355.jpg,275.0,183.0
1,1,e674.jpg,1200.0,732.0
0,1,d49.jpg,299.0,168.0
1,0,f1704.jpg,290.0,174.0
1,0,f1062.jpg,275.0,183.0
1,1,e112.jpg,310.0,163.0
1,1,e106.jpg,276.0,182.0
0,1,f1076.jpg,260.0,194.0
0,1,f1710.jpg,300.0,168.0
1,0,e660.jpg,275.0,183.0
1,1,d595.jpg,287.0,176.0
1,1,f382.jpg,284.0,177.0
1,1,f1089.jpg,195.0,258.0
1,1,f396.jpg,275.0,183.0
1,1,d581.jpg,261.0,193.0
1,1,f625.jpg,323.0,156.0
1,1,f77.jpg,300.0,168.0
1,1,f143.jpg,299.0,168.0
1,1,f157.jpg,300.0,168.0
0,1,f63.jpg,275.0,183.0
1,1,e338.jpg,283.0,178.0
1,0,f631.jpg,284.0,177.0
1,1,f1248.jpg,300.0,168.0
0,1,e310.jpg,275.0,183.0
1,0,f1260.jpg,272.0,186.0
1,1,f619.jpg,275.0,183.0
0,1,f1506.jpg,280.0,180.0
1,1,e476.jpg,275.0,183.0
1,1,e462.jpg,300.0,168.0
1,1,f1512.jpg,225.0,225.0
1,1,f1274.jpg,275.0,183.0
1,0,e304.jpg,306.0,165.0
1,1,e489.jpg,260.0,194.0
0,1,f194.jpg,294.0,171.0
1,0,f802.jpg,286.0,176.0
1,0,f88.jpg,286.0,176.0
1,1,f816.jpg,299.0,169.0
1,1,f814.jpg,275.0,183.0
1,1,f182.jpg,302.0,167.0
1,0,f1289.jpg,194.0,260.0
0,1,f828.jpg,300.0,168.0
1,0,f196.jpg,300.0,168.0
1,1,e474.jpg,284.0,178.0
1,1,f49.jpg,300.0,168.0
1,0,f1504.jpg,275.0,183.0
1,1,a174.png,700.0,344.0
0,1,f1262.jpg,259.0,194.0
1,1,e312.jpg,1000.0,667.0
1,0,e306.jpg,275.0,183.0
1,0,f1276.jpg,298.0,169.0
1,1,f1510.jpg,275.0,183.0
1,0,f169.jpg,284.0,177.0
1,1,e460.jpg,278.0,182.0
1,0,f141.jpg,264.0,191.0
1,1,f1538.jpg,275.0,183.0
0,1,e448.jpg,259.0,194.0
1,1,f75.jpg,276.0,182.0
1,0,a148.png,970.0,697.0
1,1,f627.jpg,257.0,196.0
1,1,f633.jpg,300.0,168.0
1,1,f155.jpg,275.0,183.0
1,1,d88.jpg,284.0,177.0
1,0,f1909.jpg,318.0,159.0
1,0,f380.jpg,278.0,181.0
0,1,d597.jpg,274.0,184.0
1,0,d583.jpg,275.0,183.0
1,0,f394.jpg,247.0,204.0
0,1,f1935.jpg,275.0,183.0
1,1,e110.jpg,290.0,174.0
1,1,f1060.jpg,275.0,183.0
1,1,f419.jpg,280.0,180.0
1,1,f1706.jpg,275.0,183.0
1,1,e676.jpg,260.0,194.0
1,1,b119.png,720.0,515.0
1,0,d568.jpg,282.0,179.0
1,1,e662.jpg,246.0,205.0
1,1,f1712.jpg,289.0,174.0
1,1,e104.jpg,275.0,183.0
1,1,f425.jpg,280.0,180.0
0,1,d232.jpg,275.0,183.0
1,0,d77.jpg,300.0,168.0
0,1,d554.jpg,300.0,168.0
1,1,d63.jpg,282.0,179.0
0,1,d540.jpg,300.0,168.0
1,1,d226.jpg,275.0,183.0
1,1,e138.jpg,266.0,190.0
0,1,f431.jpg,275.0,183.0
1,1,f1048.jpg,259.0,194.0
0,1,f1869.jpg,259.0,194.0
1,0,d385.jpg,309.0,163.0
1,0,f1855.jpg,259.0,194.0
0,1,f1841.jpg,266.0,189.0
1,0,f1699.jpg,309.0,163.0
1,1,d391.jpg,300.0,168.0
0,1,f1114.jpg,298.0,169.0
1,1,f1672.jpg,280.0,180.0
1,0,d408.jpg,194.0,259.0
1,1,f1666.jpg,299.0,168.0
1,1,f1100.jpg,276.0,183.0
1,0,f551.jpg,275.0,183.0
1,0,f1128.jpg,300.0,168.0
1,1,b65.png,600.0,400.0
1,1,d346.jpg,300.0,168.0
1,1,d420.jpg,275.0,183.0
1,1,f1896.jpg,276.0,183.0
1,1,f1882.jpg,275.0,183.0
1,0,d434.jpg,225.0,225.0
1,1,e17.jpg,275.0,183.0
0,1,d352.jpg,259.0,194.0
1,0,f974.jpg,275.0,183.0
1,1,f960.jpg,396.0,127.0
1,1,f948.jpg,275.0,184.0
0,1,f790.jpg,275.0,183.0
1,1,e299.jpg,275.0,183.0
1,0,d187.jpg,259.0,194.0
0,1,d193.jpg,281.0,180.0
1,1,f784.jpg,273.0,185.0
0,1,e500.jpg,275.0,183.0
1,1,f1470.jpg,290.0,174.0
0,1,f1316.jpg,282.0,179.0
1,0,d178.jpg,345.0,146.0
1,1,e266.jpg,259.0,194.0
1,1,e272.jpg,322.0,156.0
1,1,f1302.jpg,300.0,168.0
1,1,f1464.jpg,223.0,226.0
1,1,e514.jpg,275.0,183.0
1,0,d622.jpg,275.0,183.0
1,1,d144.jpg,286.0,176.0
1,1,f753.jpg,294.0,171.0
1,0,d150.jpg,274.0,184.0
1,1,e528.jpg,500.0,308.0
0,1,d636.jpg,275.0,183.0
1,0,f1458.jpg,285.0,177.0
1,1,d151.jpg,275.0,183.0
0,1,f746.jpg,318.0,159.0
1,1,f1459.jpg,299.0,168.0
0,1,d637.jpg,274.0,184.0
1,1,e529.jpg,225.0,225.0
1,0,d623.jpg,275.0,183.0
1,1,f752.jpg,800.0,533.0
1,1,d145.jpg,275.0,183.0
1,1,f1303.jpg,292.0,173.0
1,0,e273.jpg,275.0,183.0
0,1,e515.jpg,275.0,183.0
1,0,f1465.jpg,200.0,252.0
1,1,f1471.jpg,275.0,183.0
0,1,e501.jpg,275.0,183.0
1,0,e267.jpg,290.0,174.0
1,1,d179.jpg,285.0,177.0
1,1,f1317.jpg,275.0,183.0
0,1,d192.jpg,300.0,168.0
1,1,d186.jpg,259.0,194.0
1,0,e298.jpg,259.0,194.0
1,0,f791.jpg,294.0,172.0
1,1,f949.jpg,272.0,186.0
1,0,f961.jpg,2560.0,1440.0
0,1,f975.jpg,261.0,193.0
1,0,e16.jpg,300.0,168.0
1,0,d435.jpg,275.0,183.0
1,1,f1883.jpg,275.0,183.0
0,1,f544.jpg,275.0,183.0
0,1,d353.jpg,275.0,183.0
1,0,d347.jpg,272.0,186.0
1,0,f550.jpg,284.0,177.0
0,1,f1129.jpg,275.0,183.0
1,1,f1897.jpg,270.0,186.0
1,1,f236.jpg,367.0,137.0
1,0,d421.jpg,168.0,300.0
1,0,f1667.jpg,274.0,184.0
1,1,d409.jpg,275.0,183.0
0,1,f1101.jpg,259.0,194.0
1,0,f578.jpg,284.0,177.0
0,1,c372.png,800.0,533.0
1,1,f1698.jpg,299.0,169.0
0,1,f1840.jpg,275.0,183.0
1,1,d390.jpg,275.0,183.0
0,1,f587.jpg,259.0,194.0
1,0,f593.jpg,275.0,183.0
1,1,d384.jpg,300.0,168.0
1,1,d541.jpg,194.0,259.0
1,0,d62.jpg,183.0,275.0
1,1,f356.jpg,290.0,174.0
1,1,f430.jpg,259.0,194.0
1,0,f1049.jpg,271.0,186.0
1,1,e139.png,1200.0,800.0
0,1,d227.jpg,275.0,183.0
0,1,d233.jpg,279.0,180.0
1,1,f424.jpg,299.0,168.0
1,1,f342.jpg,292.0,173.0
0,1,d555.jpg,280.0,180.0
1,0,d76.jpg,275.0,183.0
0,1,f1713.jpg,280.0,180.0
1,1,e663.jpg,275.0,183.0
1,1,e105.jpg,284.0,177.0
0,1,f1075.jpg,271.0,186.0
1,1,f1061.jpg,274.0,184.0
1,0,f418.jpg,275.0,183.0
1,1,e111.jpg,283.0,178.0
1,1,d569.jpg,276.0,183.0
1,0,e677.jpg,300.0,168.0
0,1,f1707.jpg,300.0,168.0
1,1,f1934.jpg,300.0,168.0
0,1,f395.jpg,259.0,194.0
0,1,d582.jpg,290.0,174.0
0,1,d596.jpg,259.0,194.0
1,0,f1920.jpg,265.0,190.0
1,1,f381.jpg,193.0,262.0
1,1,d89.jpg,275.0,183.0
0,1,f632.jpg,310.0,163.0
1,0,f154.jpg,250.0,201.0
1,0,f60.jpg,273.0,185.0
1,1,e449.jpg,299.0,168.0
0,1,f140.jpg,299.0,168.0
1,1,f1539.jpg,290.0,174.0
1,0,f626.jpg,310.0,163.0
1,1,a12.png,560.0,315.0
1,0,f1277.jpg,264.0,191.0
1,1,e307.jpg,278.0,182.0
1,1,e461.jpg,287.0,176.0
1,1,b7.png,1024.0,576.0
1,0,f1511.jpg,275.0,183.0
0,1,f168.jpg,306.0,165.0
1,1,f1505.jpg,259.0,194.0
1,1,f48.jpg,275.0,183.0
0,1,e475.jpg,259.0,194.0
0,1,e313.jpg,260.0,162.0
1,1,f1263.jpg,257.0,196.0
1,1,f829.jpg,266.0,190.0
0,1,f1288.jpg,281.0,180.0
1,0,f183.jpg,296.0,170.0
1,1,f815.jpg,275.0,183.0
1,1,f801.jpg,274.0,184.0
0,1,f1298.jpg,299.0,168.0
1,1,f839.jpg,288.0,175.0
1,1,f187.jpg,284.0,177.0
0,1,f193.jpg,297.0,170.0
0,1,f805.jpg,275.0,183.0
1,0,f811.jpg,183.0,275.0
1,0,f622.jpg,300.0,168.0
1,1,f70.jpg,249.0,203.0
1,1,f64.jpg,310.0,163.0
0,1,e459.jpg,299.0,168.0
0,1,f150.jpg,300.0,168.0
1,1,f1529.jpg,259.0,194.0
1,0,f636.jpg,685.0,383.0
1,0,f1267.jpg,259.0,194.0
1,1,e317.jpg,275.0,183.0
1,1,e471.jpg,275.0,183.0
1,0,f1501.jpg,301.0,168.0
1,1,f178.jpg,300.0,168.0
1,1,f1515.jpg,275.0,183.0
0,1,f58.jpg,275.0,183.0
1,0,e465.jpg,284.0,178.0
1,1,e303.jpg,290.0,174.0
1,1,f1273.jpg,300.0,168.0
1,0,f1924.jpg,275.0,183.0
0,1,d592.jpg,275.0,183.0
0,1,d586.jpg,284.0,177.0
0,1,f391.jpg,275.0,183.0
0,1,f1930.jpg,261.0,193.0
0,1,f1918.jpg,275.0,183.0
0,1,d99.jpg,254.0,198.0
1,1,d72.jpg,284.0,178.0
1,1,d551.jpg,194.0,259.0
0,1,f346.jpg,278.0,181.0
1,0,f420.jpg,275.0,183.0
0,1,f1059.jpg,275.0,183.0
1,0,d237.jpg,280.0,180.0
1,1,e129.jpg,275.0,184.0
1,1,d223.jpg,300.0,168.0
1,1,f352.jpg,277.0,182.0
0,1,d66.jpg,259.0,195.0
1,1,d545.jpg,285.0,177.0
1,1,f1703.jpg,300.0,168.0
1,1,e673.jpg,440.0,293.0
1,1,e115.jpg,273.0,184.0
1,1,f1065.jpg,300.0,168.0
1,0,f1071.jpg,276.0,183.0
1,0,f408.jpg,299.0,168.0
1,0,e101.jpg,275.0,183.0
1,0,e667.jpg,275.0,183.0
1,1,d579.jpg,271.0,186.0
0,1,f1717.jpg,280.0,180.0
1,1,f1850.jpg,273.0,184.0
1,1,f1688.jpg,260.0,194.0
1,1,d380.jpg,275.0,183.0
1,0,d394.jpg,275.0,183.0
1,0,f1844.jpg,285.0,177.0
1,0,d425.jpg,310.0,162.0
1,1,f232.jpg,275.0,183.0
1,0,f1893.jpg,300.0,168.0
1,1,d343.jpg,275.0,183.0
0,1,d357.jpg,275.0,183.0
0,1,f540.jpg,286.0,176.0
0,1,f1139.jpg,280.0,180.0
0,1,f226.jpg,259.0,195.0
0,1,f1887.jpg,299.0,168.0
1,1,d431.jpg,300.0,168.0
1,1,e12.jpg,284.0,177.0
1,0,f1677.jpg,274.0,184.0
1,1,c376.png,990.0,564.0
1,1,d419.jpg,276.0,183.0
1,1,f1111.jpg,275.0,183.0
1,1,f568.jpg,283.0,178.0
1,1,f1105.jpg,275.0,183.0
0,1,d182.jpg,275.0,183.0
1,1,e288.jpg,286.0,176.0
1,1,d196.jpg,275.0,183.0
0,1,f959.jpg,640.0,572.0
1,1,f781.jpg,285.0,177.0
1,0,f965.jpg,290.0,174.0
1,1,d141.jpg,275.0,183.0
1,0,f756.jpg,299.0,168.0
1,1,f1449.jpg,284.0,177.0
1,1,e539.jpg,290.0,174.0
1,1,d627.jpg,294.0,172.0
0,1,d633.jpg,259.0,194.0
1,1,f742.jpg,259.0,194.0
1,1,d155.jpg,259.0,194.0
1,1,f1313.jpg,275.0,183.0
1,1,e263.jpg,275.0,183.0
1,1,e505.jpg,600.0,401.0
0,1,f1475.jpg,275.0,183.0
0,1,f1461.jpg,275.0,183.0
1,1,e511.jpg,284.0,177.0
1,1,d169.jpg,291.0,173.0
1,1,e277.jpg,291.0,173.0
0,1,e510.jpg,259.0,194.0
1,1,f1460.jpg,259.0,194.0
1,0,f1306.jpg,284.0,178.0
1,1,e276.jpg,286.0,176.0
1,1,d168.jpg,259.0,194.0
0,1,e262.jpg,275.0,183.0
1,1,f1312.jpg,300.0,168.0
0,1,f1474.jpg,259.0,194.0
1,1,c175.png,1100.0,619.0
0,1,e504.jpg,275.0,183.0
0,1,d632.jpg,259.0,194.0
1,0,d154.jpg,280.0,180.0
0,1,f743.jpg,300.0,168.0
1,1,f757.jpg,299.0,168.0
0,1,d140.jpg,303.0,166.0
0,1,d626.jpg,275.0,183.0
1,1,e538.jpg,275.0,183.0
1,1,f1448.jpg,600.0,401.0
1,0,f964.jpg,252.0,200.0
1,0,f970.jpg,270.0,186.0
1,0,f780.jpg,291.0,173.0
0,1,d197.jpg,288.0,175.0
1,1,e289.jpg,287.0,176.0
1,0,d183.jpg,283.0,178.0
1,1,f794.jpg,259.0,194.0
1,1,f1104.jpg,280.0,180.0
1,0,f1662.jpg,640.0,480.0
1,1,d418.jpg,275.0,183.0
1,1,f1676.jpg,275.0,183.0
1,0,f1110.jpg,275.0,183.0
1,1,f569.jpg,275.0,183.0
1,1,f1138.jpg,275.0,183.0
1,0,d356.jpg,275.0,183.0
1,0,e13.jpg,300.0,168.0
0,1,d430.jpg,299.0,168.0
1,1,f227.jpg,275.0,183.0
1,1,f233.jpg,259.0,194.0
1,1,d424.jpg,259.0,194.0
0,1,d342.jpg,278.0,182.0
1,0,f555.jpg,189.0,267.0
0,1,f1879.jpg,274.0,184.0
1,0,d395.jpg,275.0,183.0
1,1,f582.jpg,300.0,168.0
1,0,f1845.jpg,290.0,174.0
1,1,f1851.jpg,275.0,183.0
0,1,f596.jpg,288.0,175.0
1,0,d381.jpg,275.0,183.0
1,0,e100.jpg,275.0,183.0
1,1,f1070.jpg,282.0,179.0
0,1,d578.jpg,275.0,183.0
1,1,e666.jpg,275.0,183.0
1,1,e672.jpg,276.0,182.0
1,1,f1702.jpg,288.0,175.0
1,1,f1064.jpg,300.0,168.0
1,1,e114.jpg,299.0,168.0
1,1,f435.jpg,299.0,168.0
0,1,d222.jpg,310.0,163.0
1,0,d544.jpg,259.0,194.0
1,0,d67.jpg,275.0,183.0
1,1,f353.jpg,248.0,203.0
1,1,f347.jpg,266.0,190.0
0,1,d550.jpg,289.0,174.0
0,1,d73.jpg,284.0,177.0
1,1,c15.png,1600.0,923.0
1,1,e128.jpg,653.0,490.0
1,1,d236.jpg,300.0,168.0
1,0,f421.jpg,274.0,184.0
1,0,f1058.jpg,183.0,275.0
0,1,d98.jpg,268.0,188.0
1,1,f1931.jpg,286.0,176.0
1,0,f390.jpg,282.0,179.0
1,1,d587.jpg,275.0,183.0
1,1,d593.jpg,275.0,183.0
1,1,f1925.jpg,276.0,183.0
0,1,f384.jpg,291.0,173.0
1,1,e464.jpg,284.0,178.0
1,1,f59.jpg,300.0,168.0
1,1,f1514.jpg,289.0,175.0
1,0,f1272.jpg,1280.0,720.0
1,1,e302.jpg,300.0,168.0
1,1,e316.jpg,283.0,178.0
0,1,f1266.jpg,299.0,168.0
1,1,f1500.jpg,195.0,259.0
1,1,f179.jpg,284.0,177.0
1,1,e470.jpg,299.0,168.0
1,0,f151.jpg,276.0,182.0
1,1,f1528.jpg,275.0,183.0
0,1,e458.jpg,299.0,168.0
1,0,f637.jpg,299.0,168.0
1,1,f623.jpg,280.0,180.0
1,1,f145.jpg,254.0,199.0
1,0,f810.jpg,276.0,183.0
1,1,f192.jpg,290.0,174.0
1,0,f838.jpg,268.0,188.0
0,1,f1299.jpg,299.0,168.0
0,1,f186.jpg,316.0,160.0
1,1,f190.jpg,272.0,185.0
1,1,e499.jpg,275.0,183.0
1,1,f812.jpg,300.0,168.0
1,1,f98.jpg,292.0,173.0
1,1,f806.jpg,299.0,168.0
1,1,f635.jpg,275.0,183.0
0,1,f153.jpg,275.0,183.0
1,1,f147.jpg,273.0,184.0
1,0,e328.jpg,300.0,168.0
0,1,f621.jpg,259.0,194.0
1,1,f1258.jpg,275.0,183.0
1,1,e300.jpg,268.0,188.0
1,1,f1270.jpg,259.0,194.0
1,1,f609.jpg,300.0,168.0
1,0,f1516.jpg,275.0,183.0
1,1,e466.jpg,800.0,440.0
0,1,e472.jpg,348.0,145.0
1,1,f1502.jpg,275.0,183.0
1,1,f1264.jpg,275.0,183.0
1,1,a172.png,600.0,399.0
1,0,e314.jpg,299.0,168.0
0,1,f392.jpg,275.0,183.0
1,1,f1933.jpg,275.0,183.0
1,1,f1099.jpg,275.0,183.0
0,1,f1927.jpg,276.0,183.0
1,1,d591.jpg,259.0,194.0
1,1,f351.jpg,290.0,174.0
1,1,e658.jpg,286.0,176.0
1,1,d65.jpg,300.0,168.0
0,1,d546.jpg,275.0,183.0
1,1,d220.jpg,257.0,196.0
0,1,f437.jpg,278.0,181.0
1,1,d234.jpg,290.0,174.0
0,1,d71.jpg,275.0,183.0
0,1,d552.jpg,259.0,194.0
1,1,f345.jpg,278.0,182.0
1,0,e664.jpg,310.0,163.0
1,1,d59.jpg,275.0,183.0
0,1,f1714.jpg,275.0,183.0
1,0,f1072.jpg,271.0,186.0
1,1,e102.jpg,299.0,168.0
1,1,d208.jpg,300.0,168.0
1,0,e116.jpg,292.0,173.0
0,1,f1066.png,550.0,339.0
1,1,f1700.jpg,194.0,259.0
1,1,e670.jpg,300.0,168.0
1,1,c201.png,1200.0,800.0
1,0,f1847.jpg,259.0,194.0
0,1,f580.jpg,275.0,183.0
1,1,d397.jpg,275.0,183.0
1,0,d383.jpg,290.0,174.0
0,1,f594.jpg,274.0,184.0
1,0,f1853.jpg,275.0,183.0
1,0,f225.jpg,213.0,237.0
0,1,f1884.jpg,275.0,183.0
1,1,d432.jpg,300.0,168.0
1,1,e11.jpg,275.0,183.0
1,1,b77.png,900.0,400.0
1,1,d354.jpg,299.0,168.0
0,1,f543.jpg,281.0,180.0
0,1,f557.jpg,281.0,180.0
0,1,d340.jpg,275.0,183.0
0,1,d426.jpg,300.0,168.0
1,1,f231.jpg,300.0,168.0
1,0,f1648.jpg,275.0,183.0
0,1,f1890.jpg,275.0,183.0
1,1,f1660.jpg,286.0,176.0
1,1,f219.jpg,306.0,165.0
1,0,f1106.jpg,297.0,170.0
1,1,d368.jpg,275.0,183.0
1,1,f1112.jpg,183.0,275.0
1,0,f1674.jpg,284.0,177.0
1,1,e39.jpg,300.0,168.0
0,1,d195.jpg,275.0,183.0
1,0,f782.jpg,203.0,249.0
1,1,f1489.jpg,282.0,179.0
1,1,f796.jpg,259.0,195.0
1,1,d181.jpg,275.0,183.0
0,1,f966.jpg,262.0,193.0
0,1,f972.jpg,300.0,168.0
0,1,f1338.jpg,348.0,145.0
0,1,f999.jpg,293.0,172.0
1,1,d156.jpg,276.0,183.0
0,1,e248.jpg,275.0,183.0
1,1,d630.jpg,278.0,181.0
1,0,d624.jpg,275.0,183.0
0,1,d142.jpg,275.0,183.0
1,0,f755.jpg,264.0,191.0
1,1,e274.jpg,640.0,380.0
1,0,f1304.jpg,284.0,178.0
1,0,f1462.jpg,326.0,155.0
1,1,e512.jpg,300.0,168.0
1,1,e506.jpg,259.0,194.0
0,1,d618.jpg,299.0,168.0
0,1,f1476.jpg,285.0,177.0
1,1,f769.jpg,960.0,720.0
1,1,e260.jpg,276.0,182.0
1,1,f1477.jpg,279.0,181.0
1,1,c176.png,1000.0,667.0
0,1,d619.jpg,291.0,173.0
0,1,e507.jpg,263.0,192.0
1,1,e261.jpg,269.0,187.0
1,0,f1311.jpg,275.0,183.0
1,1,f768.jpg,263.0,191.0
1,1,f1305.jpg,275.0,183.0
1,1,e275.jpg,600.0,387.0
1,1,e513.jpg,290.0,174.0
1,1,f1463.jpg,194.0,259.0
1,1,d625.jpg,275.0,183.0
1,0,f754.jpg,281.0,179.0
0,1,d143.jpg,275.0,183.0
1,1,e249.jpg,251.0,201.0
1,0,d157.jpg,272.0,185.0
1,1,f998.jpg,299.0,168.0
1,1,f740.jpg,275.0,183.0
0,1,f1339.jpg,313.0,161.0
1,0,d631.jpg,275.0,183.0
1,1,f967.jpg,284.0,177.0
1,1,f1488.jpg,300.0,168.0
1,0,d180.jpg,278.0,181.0
1,0,f783.jpg,275.0,183.0
1,0,d194.jpg,261.0,193.0
1,0,f1113.jpg,300.0,168.0
1,0,e38.jpg,274.0,184.0
1,1,f1675.jpg,259.0,194.0
1,1,f1661.jpg,275.0,183.0
1,0,f218.jpg,300.0,168.0
0,1,d369.jpg,305.0,165.0
1,1,f1107.jpg,275.0,183.0
1,1,d341.jpg,275.0,183.0
1,0,f556.jpg,560.0,315.0
0,1,f230.jpg,279.0,181.0
1,0,f1649.jpg,191.0,264.0
1,1,d427.jpg,298.0,169.0
1,1,c348.png,700.0,394.0
1,0,e10.jpg,294.0,171.0
1,0,d433.jpg,266.0,189.0
1,0,f224.jpg,249.0,202.0
0,1,f542.jpg,300.0,168.0
1,1,d355.jpg,212.0,238.0
1,1,f595.jpg,311.0,162.0
1,0,d382.jpg,275.0,183.0
1,1,f1852.jpg,275.0,183.0
1,1,f1846.jpg,291.0,173.0
1,0,d396.jpg,260.0,194.0
1,1,f1067.jpg,283.0,178.0
0,1,e117.jpg,281.0,180.0
1,0,d209.jpg,284.0,177.0
1,1,e671.jpg,272.0,185.0
0,1,f1701.jpg,287.0,176.0
0,1,f378.jpg,297.0,170.0
0,1,f1715.jpg,307.0,164.0
1,0,d58.jpg,300.0,168.0
0,1,e665.jpg,284.0,177.0
1,1,e103.jpg,300.0,168.0
1,1,f1073.jpg,275.0,183.0
1,1,d235.jpg,276.0,182.0
0,1,f344.jpg,281.0,180.0
1,1,d553.jpg,275.0,183.0
0,1,d70.jpg,299.0,168.0
1,1,b122.png,590.0,350.0
1,0,d547.jpg,299.0,168.0
1,0,d64.jpg,275.0,183.0
0,1,e659.jpg,275.0,183.0
1,0,f350.jpg,300.0,168.0
1,1,f436.jpg,289.0,174.0
1,0,d221.jpg,290.0,174.0
1,0,f1098.jpg,225.0,225.0
1,1,d590.jpg,290.0,174.0
1,1,f1926.jpg,308.0,164.0
1,0,f387.jpg,284.0,177.0
1,1,f1932.jpg,275.0,183.0
1,1,f393.jpg,275.0,183.0
1,1,d584.jpg,300.0,168.0
0,1,f1503.jpg,275.0,183.0
1,1,e473.jpg,313.0,161.0
1,1,e315.jpg,290.0,174.0
1,1,f1265.jpg,259.0,194.0
1,0,f1271.jpg,310.0,162.0
1,1,f608.jpg,259.0,194.0
1,1,e301.jpg,288.0,175.0
1,1,e467.jpg,4000.0,2250.0
1,1,f1517.jpg,259.0,194.0
0,1,f72.jpg,297.0,169.0
0,1,f146.jpg,230.0,219.0
1,0,f620.jpg,313.0,161.0
1,1,f1259.jpg,290.0,174.0
0,1,e329.jpg,275.0,183.0
1,0,f634.jpg,275.0,183.0
1,1,f152.jpg,194.0,260.0
0,1,f66.jpeg,770.0,513.0
1,1,f813.jpg,300.0,168.0
1,1,f99.jpg,299.0,168.0
0,1,f185.jpg,300.0,168.0
